time,wave_height (m),wave_direction (°),wave_period (s),wind_wave_height (m),wind_wave_direction (°),swell_wave_height (m),swell_wave_direction (°)
2024-01-01T00:00,0.30,26,4.75,0.00,208,0.30,26
2024-01-01T01:00,0.30,23,4.70,0.00,180,0.30,23
2024-01-01T02:00,0.30,20,4.60,0.00,180,0.30,20
2024-01-01T03:00,0.30,18,4.50,0.00,180,0.30,18
2024-01-01T04:00,0.30,15,4.60,0.00,180,0.30,15
2024-01-01T05:00,0.38,15,5.05,0.00,180,0.38,15
2024-01-01T06:00,0.44,16,5.65,0.00,180,0.44,16
2024-01-01T07:00,0.52,16,6.10,0.00,180,0.52,16
2024-01-01T08:00,0.52,14,6.15,0.00,180,0.52,14
2024-01-01T09:00,0.50,12,6.05,0.00,180,0.50,12
2024-01-01T10:00,0.50,10,5.95,0.00,180,0.50,10
2024-01-01T11:00,0.48,9,5.90,0.00,180,0.48,9
2024-01-01T12:00,0.48,7,5.85,0.00,180,0.48,7
2024-01-01T13:00,0.46,6,5.80,0.00,180,0.46,6
2024-01-01T14:00,0.44,5,5.75,0.00,180,0.44,5
2024-01-01T15:00,0.44,4,5.75,0.00,180,0.44,4
2024-01-01T16:00,0.42,3,5.65,0.00,180,0.42,3
2024-01-01T17:00,0.42,121,5.50,0.00,180,0.42,121
2024-01-01T18:00,0.40,240,5.30,0.00,180,0.40,240
2024-01-01T19:00,0.40,358,5.15,0.00,180,0.40,358
2024-01-01T20:00,0.38,358,5.10,0.00,180,0.38,358
2024-01-01T21:00,0.38,357,5.05,0.00,180,0.38,357
2024-01-01T22:00,0.36,357,5.05,0.00,180,0.36,357
2024-01-01T23:00,0.36,356,5.00,0.00,180,0.36,356
2024-01-02T00:00,0.34,356,4.95,0.00,180,0.34,356
2024-01-02T01:00,0.34,355,4.90,0.00,180,0.34,355
2024-01-02T02:00,0.34,354,4.85,0.00,180,0.34,354
2024-01-02T03:00,0.32,354,4.80,0.00,180,0.32,354
2024-01-02T04:00,0.32,353,4.75,0.00,180,0.32,353
2024-01-02T05:00,0.36,350,4.80,0.00,180,0.36,350
2024-01-02T06:00,0.38,347,4.85,0.00,180,0.38,347
2024-01-02T07:00,0.42,344,4.90,0.00,180,0.42,344
2024-01-02T08:00,0.42,343,4.85,0.00,180,0.42,343
2024-01-02T09:00,0.40,342,4.70,0.00,180,0.40,342
2024-01-02T10:00,0.40,341,4.60,0.00,180,0.40,341
2024-01-02T11:00,0.40,340,4.55,0.02,134,0.40,340
2024-01-02T12:00,0.38,340,4.50,0.02,87,0.38,339
2024-01-02T13:00,0.38,339,4.45,0.04,41,0.38,338
2024-01-02T14:00,0.38,339,4.25,0.06,38,0.38,338
2024-01-02T15:00,0.38,339,4.05,0.06,34,0.36,338
2024-01-02T16:00,0.38,339,4.20,0.08,31,0.36,338
2024-01-02T17:00,0.56,338,5.00,0.06,81,0.54,338
2024-01-02T18:00,0.74,338,6.10,0.02,130,0.74,337
2024-01-02T19:00,0.92,337,6.90,0.00,180,0.92,337
2024-01-02T20:00,0.90,336,7.15,0.00,180,0.90,336
2024-01-02T21:00,0.90,336,7.10,0.00,180,0.90,336
2024-01-02T22:00,0.88,335,7.05,0.00,180,0.88,335
2024-01-02T23:00,0.86,334,7.05,0.00,180,0.86,334
2024-01-03T00:00,0.86,334,7.05,0.00,180,0.86,334
2024-01-03T01:00,0.84,333,7.00,0.00,180,0.84,333
2024-01-03T02:00,0.82,333,6.95,0.00,205,0.82,333
2024-01-03T03:00,0.80,334,6.85,0.02,230,0.80,334
2024-01-03T04:00,0.78,334,6.75,0.02,255,0.78,334
2024-01-03T05:00,0.76,334,6.65,0.02,257,0.76,334
2024-01-03T06:00,0.72,334,6.50,0.02,258,0.72,334
2024-01-03T07:00,0.70,334,6.40,0.02,260,0.70,334
2024-01-03T08:00,0.68,335,6.30,0.02,233,0.68,335
2024-01-03T09:00,0.66,335,6.15,0.00,207,0.66,335
2024-01-03T10:00,0.64,336,6.05,0.00,180,0.64,336
2024-01-03T11:00,0.64,337,6.00,0.02,218,0.64,337
2024-01-03T12:00,0.62,338,5.90,0.02,255,0.62,338
2024-01-03T13:00,0.62,339,5.85,0.04,293,0.62,339
2024-01-03T14:00,0.62,339,5.75,0.06,296,0.62,339
2024-01-03T15:00,0.60,339,5.65,0.08,299,0.60,340
2024-01-03T16:00,0.60,339,5.55,0.10,302,0.60,340
2024-01-03T17:00,0.60,338,5.40,0.10,298,0.58,339
2024-01-03T18:00,0.58,338,5.25,0.12,293,0.58,339
2024-01-03T19:00,0.58,337,5.15,0.12,289,0.56,338
2024-01-03T20:00,0.58,337,5.10,0.10,282,0.56,338
2024-01-03T21:00,0.56,337,5.10,0.08,274,0.56,337
2024-01-03T22:00,0.56,337,5.10,0.06,267,0.56,337
2024-01-03T23:00,0.54,337,5.10,0.04,238,0.54,337
2024-01-04T00:00,0.54,338,5.05,0.02,209,0.54,338
2024-01-04T01:00,0.52,338,5.05,0.00,180,0.52,338
2024-01-04T02:00,0.50,338,5.00,0.00,180,0.50,338
2024-01-04T03:00,0.50,339,4.95,0.00,180,0.50,339
2024-01-04T04:00,0.48,339,5.00,0.00,180,0.48,339
2024-01-04T05:00,0.54,339,5.25,0.00,180,0.54,339
2024-01-04T06:00,0.58,340,5.60,0.00,180,0.58,340
2024-01-04T07:00,0.64,340,5.85,0.00,180,0.64,340
2024-01-04T08:00,0.62,341,5.90,0.00,180,0.62,341
2024-01-04T09:00,0.60,341,5.80,0.00,180,0.60,341
2024-01-04T10:00,0.58,342,5.75,0.00,180,0.58,342
2024-01-04T11:00,0.56,343,5.70,0.00,180,0.56,343
2024-01-04T12:00,0.54,343,5.65,0.00,180,0.54,343
2024-01-04T13:00,0.52,344,5.60,0.00,180,0.52,344
2024-01-04T14:00,0.50,344,5.55,0.04,216,0.50,345
2024-01-04T15:00,0.50,345,5.50,0.06,252,0.48,345
2024-01-04T16:00,0.48,345,5.40,0.10,288,0.46,346
2024-01-04T17:00,0.52,339,5.20,0.14,280,0.48,343
2024-01-04T18:00,0.54,333,4.95,0.20,272,0.52,339
2024-01-04T19:00,0.58,327,4.75,0.24,264,0.54,336
2024-01-04T20:00,0.58,324,4.60,0.26,260,0.52,335
2024-01-04T21:00,0.56,320,4.50,0.26,257,0.50,335
2024-01-04T22:00,0.56,317,4.40,0.28,253,0.48,334
2024-01-04T23:00,0.54,317,4.35,0.26,253,0.48,333
2024-01-05T00:00,0.54,316,4.30,0.26,253,0.46,331
2024-01-05T01:00,0.52,316,4.30,0.24,253,0.46,330
2024-01-05T02:00,0.50,317,4.25,0.22,255,0.46,328
2024-01-05T03:00,0.48,317,4.25,0.18,257,0.44,326
2024-01-05T04:00,0.46,318,4.30,0.16,259,0.44,324
2024-01-05T05:00,0.46,322,4.50,0.12,256,0.44,326
2024-01-05T06:00,0.44,326,4.80,0.08,253,0.44,328
2024-01-05T07:00,0.44,330,5.00,0.04,250,0.44,330
2024-01-05T08:00,0.42,332,5.10,0.04,244,0.42,332
2024-01-05T09:00,0.42,333,5.10,0.04,237,0.42,333
2024-01-05T10:00,0.40,335,5.15,0.04,231,0.40,335
2024-01-05T11:00,0.40,336,5.20,0.02,214,0.40,336
2024-01-05T12:00,0.38,337,5.25,0.02,197,0.38,337
2024-01-05T13:00,0.38,338,5.25,0.00,180,0.38,338
2024-01-05T14:00,0.36,339,5.25,0.00,180,0.36,339
2024-01-05T15:00,0.36,339,5.25,0.00,180,0.36,339
2024-01-05T16:00,0.34,340,5.25,0.00,180,0.34,340
2024-01-05T17:00,0.34,340,5.25,0.00,180,0.34,340
2024-01-05T18:00,0.32,341,5.25,0.00,180,0.32,341
2024-01-05T19:00,0.32,341,5.25,0.00,180,0.32,341
2024-01-05T20:00,0.32,341,5.25,0.00,180,0.32,341
2024-01-05T21:00,0.30,342,5.30,0.00,180,0.30,342
2024-01-05T22:00,0.30,342,5.30,0.00,180,0.30,342
2024-01-05T23:00,0.30,342,5.30,0.00,180,0.30,342
2024-01-06T00:00,0.30,343,5.30,0.00,180,0.30,343
2024-01-06T01:00,0.30,343,5.30,0.00,180,0.30,343
2024-01-06T02:00,0.30,343,5.30,0.00,180,0.30,343
2024-01-06T03:00,0.28,344,5.30,0.00,180,0.28,344
2024-01-06T04:00,0.28,344,5.35,0.00,180,0.28,344
2024-01-06T05:00,0.28,344,5.40,0.00,180,0.28,344
2024-01-06T06:00,0.28,345,5.45,0.00,180,0.28,345
2024-01-06T07:00,0.28,345,5.55,0.00,180,0.28,345
2024-01-06T08:00,0.28,345,5.65,0.00,180,0.28,345
2024-01-06T09:00,0.30,346,5.75,0.00,180,0.30,346
2024-01-06T10:00,0.30,346,5.85,0.00,180,0.30,346
2024-01-06T11:00,0.30,346,5.90,0.00,180,0.30,346
2024-01-06T12:00,0.30,347,5.95,0.00,180,0.30,347
2024-01-06T13:00,0.30,347,5.95,0.00,180,0.30,347
2024-01-06T14:00,0.30,347,5.85,0.00,180,0.30,347
2024-01-06T15:00,0.30,348,5.75,0.00,180,0.30,348
2024-01-06T16:00,0.30,348,5.80,0.00,180,0.30,348
2024-01-06T17:00,0.34,349,6.20,0.00,180,0.34,349
2024-01-06T18:00,0.36,349,6.75,0.00,180,0.36,349
2024-01-06T19:00,0.40,350,7.15,0.00,180,0.40,350
2024-01-06T20:00,0.40,350,7.25,0.00,180,0.40,350
2024-01-06T21:00,0.38,351,7.20,0.00,180,0.38,351
2024-01-06T22:00,0.38,351,7.10,0.00,180,0.38,351
2024-01-06T23:00,0.38,350,7.00,0.00,180,0.38,350
2024-01-07T00:00,0.36,350,6.80,0.00,180,0.36,350
2024-01-07T01:00,0.36,349,6.65,0.00,180,0.36,349
2024-01-07T02:00,0.36,348,6.45,0.00,180,0.36,348
2024-01-07T03:00,0.36,347,6.25,0.00,180,0.36,347
2024-01-07T04:00,0.36,346,6.20,0.00,180,0.36,346
2024-01-07T05:00,0.40,345,6.45,0.00,180,0.40,345
2024-01-07T06:00,0.46,345,6.90,0.00,180,0.46,345
2024-01-07T07:00,0.50,344,7.15,0.00,180,0.50,344
2024-01-07T08:00,0.50,343,7.10,0.00,180,0.50,343
2024-01-07T09:00,0.50,341,6.95,0.00,180,0.50,341
2024-01-07T10:00,0.50,340,6.75,0.00,180,0.50,340
2024-01-07T11:00,0.48,339,6.65,0.00,180,0.48,339
2024-01-07T12:00,0.48,339,6.50,0.00,180,0.48,339
2024-01-07T13:00,0.46,338,6.40,0.00,180,0.46,338
2024-01-07T14:00,0.44,338,6.30,0.00,180,0.44,338
2024-01-07T15:00,0.44,337,6.20,0.00,180,0.44,337
2024-01-07T16:00,0.42,337,6.15,0.00,180,0.42,337
2024-01-07T17:00,0.42,337,6.10,0.00,180,0.42,337
2024-01-07T18:00,0.40,338,6.05,0.00,180,0.40,338
2024-01-07T19:00,0.40,338,6.00,0.00,180,0.40,338
2024-01-07T20:00,0.38,339,5.95,0.00,180,0.38,339
2024-01-07T21:00,0.38,339,5.90,0.00,180,0.38,339
2024-01-07T22:00,0.36,340,5.85,0.00,180,0.36,340
2024-01-07T23:00,0.34,340,5.80,0.00,180,0.34,340
2024-01-08T00:00,0.34,341,5.70,0.00,180,0.34,341
2024-01-08T01:00,0.32,341,5.60,0.00,180,0.32,341
2024-01-08T02:00,0.32,341,5.50,0.00,180,0.32,341
2024-01-08T03:00,0.30,342,5.40,0.00,180,0.30,342
2024-01-08T04:00,0.30,342,5.30,0.00,180,0.30,342
2024-01-08T05:00,0.28,343,5.20,0.00,180,0.28,343
2024-01-08T06:00,0.28,345,5.15,0.00,180,0.28,345
2024-01-08T07:00,0.26,346,5.10,0.00,180,0.26,346
2024-01-08T08:00,0.26,347,5.05,0.00,180,0.26,347
2024-01-08T09:00,0.26,347,5.00,0.00,180,0.26,347
2024-01-08T10:00,0.26,348,4.95,0.00,180,0.26,348
2024-01-08T11:00,0.26,348,4.90,0.00,180,0.26,348
2024-01-08T12:00,0.24,348,4.85,0.00,180,0.24,348
2024-01-08T13:00,0.24,348,4.80,0.00,180,0.24,348
2024-01-08T14:00,0.24,348,4.70,0.00,180,0.24,348
2024-01-08T15:00,0.24,347,4.60,0.00,180,0.24,347
2024-01-08T16:00,0.24,347,4.65,0.00,180,0.24,347
2024-01-08T17:00,0.30,346,5.00,0.00,180,0.30,346
2024-01-08T18:00,0.34,346,5.45,0.00,180,0.34,346
2024-01-08T19:00,0.40,345,5.75,0.00,180,0.40,345
2024-01-08T20:00,0.40,344,5.75,0.00,180,0.40,344
2024-01-08T21:00,0.38,344,5.60,0.00,180,0.38,344
2024-01-08T22:00,0.38,343,5.45,0.00,180,0.38,343
2024-01-08T23:00,0.38,343,5.40,0.00,180,0.38,343
2024-01-09T00:00,0.38,343,5.35,0.00,180,0.38,343
2024-01-09T01:00,0.38,343,5.30,0.00,180,0.38,343
2024-01-09T02:00,0.38,343,5.25,0.00,180,0.38,343
2024-01-09T03:00,0.36,343,5.25,0.00,180,0.36,343
2024-01-09T04:00,0.36,343,5.25,0.00,180,0.36,343
2024-01-09T05:00,0.36,345,5.30,0.00,190,0.36,345
2024-01-09T06:00,0.36,346,5.40,0.02,201,0.36,346
2024-01-09T07:00,0.36,348,5.45,0.02,211,0.36,348
2024-01-09T08:00,0.36,348,5.45,0.02,201,0.36,348
2024-01-09T09:00,0.36,348,5.45,0.00,190,0.36,348
2024-01-09T10:00,0.36,348,5.45,0.00,180,0.36,348
2024-01-09T11:00,0.36,348,5.45,0.00,180,0.36,348
2024-01-09T12:00,0.34,348,5.40,0.00,180,0.34,348
2024-01-09T13:00,0.34,348,5.35,0.00,180,0.34,348
2024-01-09T14:00,0.34,348,5.20,0.04,120,0.34,348
2024-01-09T15:00,0.36,349,4.95,0.10,61,0.32,347
2024-01-09T16:00,0.36,349,4.80,0.14,1,0.32,347
2024-01-09T17:00,0.34,348,4.80,0.10,61,0.32,346
2024-01-09T18:00,0.34,346,4.85,0.04,120,0.32,346
2024-01-09T19:00,0.32,345,4.90,0.00,180,0.32,345
2024-01-09T20:00,0.32,345,4.90,0.00,180,0.32,345
2024-01-09T21:00,0.30,345,4.90,0.00,180,0.30,345
2024-01-09T22:00,0.30,345,4.90,0.00,180,0.30,345
2024-01-09T23:00,0.30,345,4.90,0.00,180,0.30,345
2024-01-10T00:00,0.30,346,4.90,0.00,180,0.30,346
2024-01-10T01:00,0.30,346,4.90,0.00,180,0.30,346
2024-01-10T02:00,0.30,346,4.85,0.00,180,0.30,346
2024-01-10T03:00,0.28,346,4.85,0.00,180,0.28,346
2024-01-10T04:00,0.28,346,4.90,0.00,180,0.28,346
2024-01-10T05:00,0.32,345,5.10,0.00,180,0.32,345
2024-01-10T06:00,0.38,344,5.40,0.00,180,0.38,344
2024-01-10T07:00,0.42,343,5.60,0.00,180,0.42,343
2024-01-10T08:00,0.40,343,5.55,0.00,180,0.40,343
2024-01-10T09:00,0.40,342,5.45,0.00,180,0.40,342
2024-01-10T10:00,0.38,342,5.30,0.00,180,0.38,342
2024-01-10T11:00,0.36,342,5.20,0.00,180,0.36,342
2024-01-10T12:00,0.36,342,5.15,0.00,180,0.36,342
2024-01-10T13:00,0.34,342,5.00,0.00,180,0.34,342
2024-01-10T14:00,0.34,341,4.80,0.04,227,0.32,342
2024-01-10T15:00,0.32,341,4.50,0.10,274,0.32,343
2024-01-10T16:00,0.32,340,4.35,0.14,321,0.30,343
2024-01-10T17:00,0.32,340,4.35,0.12,316,0.30,342
2024-01-10T18:00,0.34,339,4.45,0.10,312,0.32,341
2024-01-10T19:00,0.34,339,4.50,0.08,307,0.32,340
2024-01-10T20:00,0.32,339,4.50,0.06,297,0.32,339
2024-01-10T21:00,0.32,338,4.45,0.06,287,0.30,339
2024-01-10T22:00,0.30,338,4.40,0.04,277,0.30,338
2024-01-10T23:00,0.30,338,4.35,0.04,275,0.30,338
2024-01-11T00:00,0.28,337,4.30,0.06,273,0.28,338
2024-01-11T01:00,0.28,337,4.25,0.06,271,0.28,338
2024-01-11T02:00,0.28,336,4.15,0.06,270,0.28,338
2024-01-11T03:00,0.28,335,4.00,0.08,269,0.26,337
2024-01-11T04:00,0.28,334,3.95,0.08,268,0.26,337
2024-01-11T05:00,0.26,335,4.00,0.06,239,0.26,337
2024-01-11T06:00,0.26,336,4.10,0.02,209,0.24,337
2024-01-11T07:00,0.24,337,4.20,0.00,180,0.24,337
2024-01-11T08:00,0.24,336,4.25,0.00,180,0.24,336
2024-01-11T09:00,0.24,336,4.25,0.00,180,0.24,336
2024-01-11T10:00,0.24,335,4.20,0.00,180,0.24,335
2024-01-11T11:00,0.24,334,4.15,0.04,230,0.24,334
2024-01-11T12:00,0.24,333,4.05,0.06,281,0.22,334
2024-01-11T13:00,0.24,332,3.90,0.10,331,0.22,333
2024-01-11T14:00,0.26,330,3.65,0.14,327,0.22,332
2024-01-11T15:00,0.30,328,3.40,0.16,324,0.24,332
2024-01-11T16:00,0.32,326,3.20,0.20,320,0.24,331
2024-01-11T17:00,0.36,322,3.15,0.20,306,0.28,329
2024-01-11T18:00,0.38,317,3.15,0.22,292,0.32,326
2024-01-11T19:00,0.42,313,3.20,0.22,278,0.36,324
2024-01-11T20:00,0.40,312,3.25,0.18,267,0.36,320
2024-01-11T21:00,0.40,311,3.35,0.12,256,0.36,316
2024-01-11T22:00,0.38,310,3.45,0.08,245,0.36,312
2024-01-11T23:00,0.38,311,3.55,0.06,257,0.36,312
2024-01-12T00:00,0.36,312,3.65,0.04,268,0.36,313
2024-01-12T01:00,0.36,313,3.75,0.02,280,0.36,313
2024-01-12T02:00,0.36,313,3.80,0.02,278,0.36,313
2024-01-12T03:00,0.34,314,3.80,0.04,277,0.34,314
2024-01-12T04:00,0.34,314,3.85,0.04,275,0.34,314
2024-01-12T05:00,0.36,314,4.05,0.02,243,0.36,314
2024-01-12T06:00,0.38,315,4.30,0.02,212,0.38,315
2024-01-12T07:00,0.40,315,4.45,0.00,180,0.40,315
2024-01-12T08:00,0.38,315,4.50,0.00,180,0.38,315
2024-01-12T09:00,0.38,316,4.45,0.00,180,0.38,316
2024-01-12T10:00,0.36,316,4.40,0.00,180,0.36,316
2024-01-12T11:00,0.36,316,4.40,0.02,225,0.36,316
2024-01-12T12:00,0.34,317,4.45,0.06,271,0.34,317
2024-01-12T13:00,0.34,317,4.35,0.08,316,0.34,317
2024-01-12T14:00,0.38,315,4.05,0.18,313,0.32,318
2024-01-12T15:00,0.44,313,3.60,0.30,310,0.28,320
2024-01-12T16:00,0.48,311,3.35,0.40,307,0.26,321
2024-01-12T17:00,0.48,311,3.40,0.30,298,0.32,318
2024-01-12T18:00,0.46,312,3.60,0.22,289,0.40,316
2024-01-12T19:00,0.46,312,3.80,0.12,280,0.46,313
2024-01-12T20:00,0.46,311,3.95,0.08,247,0.46,312
2024-01-12T21:00,0.46,311,4.10,0.04,213,0.46,311
2024-01-12T22:00,0.46,310,4.20,0.00,180,0.46,310
2024-01-12T23:00,0.46,309,4.30,0.00,180,0.46,309
2024-01-13T00:00,0.44,309,4.40,0.00,180,0.44,309
2024-01-13T01:00,0.44,308,4.50,0.00,180,0.44,308
2024-01-13T02:00,0.44,308,4.55,0.00,180,0.44,308
2024-01-13T03:00,0.44,307,4.60,0.00,180,0.44,307
2024-01-13T04:00,0.44,307,4.60,0.00,180,0.44,307
2024-01-13T05:00,0.44,306,4.60,0.00,180,0.44,306
2024-01-13T06:00,0.42,306,4.65,0.00,180,0.42,306
2024-01-13T07:00,0.42,305,4.65,0.00,180,0.42,305
2024-01-13T08:00,0.42,305,4.70,0.00,180,0.42,305
2024-01-13T09:00,0.40,304,4.75,0.00,180,0.40,304
2024-01-13T10:00,0.40,304,4.80,0.00,180,0.40,304
2024-01-13T11:00,0.40,304,4.85,0.00,180,0.40,304
2024-01-13T12:00,0.38,305,4.85,0.00,180,0.38,305
2024-01-13T13:00,0.38,305,4.80,0.00,180,0.38,305
2024-01-13T14:00,0.40,307,4.55,0.10,227,0.36,305
2024-01-13T15:00,0.42,310,4.15,0.20,274,0.34,304
2024-01-13T16:00,0.44,312,3.90,0.30,321,0.32,304
2024-01-13T17:00,0.46,311,3.80,0.32,316,0.34,308
2024-01-13T18:00,0.48,311,3.80,0.32,310,0.34,311
2024-01-13T19:00,0.50,310,3.85,0.34,305,0.36,315
2024-01-13T20:00,0.48,310,3.90,0.26,291,0.38,314
2024-01-13T21:00,0.44,311,3.95,0.16,276,0.40,313
2024-01-13T22:00,0.42,311,4.00,0.08,262,0.42,312
2024-01-13T23:00,0.40,312,4.05,0.06,235,0.40,313
2024-01-14T00:00,0.40,313,4.10,0.02,207,0.40,313
2024-01-14T01:00,0.38,314,4.15,0.00,180,0.38,314
2024-01-14T02:00,0.38,315,4.15,0.00,177,0.38,315
2024-01-14T03:00,0.36,315,4.20,0.02,173,0.36,315
2024-01-14T04:00,0.36,316,4.25,0.02,170,0.36,316
2024-01-14T05:00,0.38,317,4.45,0.02,165,0.38,317
2024-01-14T06:00,0.40,318,4.65,0.04,160,0.40,318
2024-01-14T07:00,0.42,319,4.80,0.04,155,0.42,319
2024-01-14T08:00,0.42,319,4.80,0.02,163,0.42,319
2024-01-14T09:00,0.40,319,4.70,0.02,172,0.40,319
2024-01-14T10:00,0.40,319,4.65,0.00,180,0.40,319
2024-01-14T11:00,0.38,319,4.65,0.00,180,0.38,319
2024-01-14T12:00,0.38,319,4.70,0.00,180,0.38,319
2024-01-14T13:00,0.36,319,4.65,0.00,180,0.36,319
2024-01-14T14:00,0.36,320,4.50,0.06,230,0.34,319
2024-01-14T15:00,0.36,321,4.25,0.14,281,0.34,318
2024-01-14T16:00,0.36,322,4.05,0.20,331,0.32,318
2024-01-14T17:00,0.46,322,3.90,0.32,327,0.32,322
2024-01-14T18:00,0.54,321,3.75,0.44,323,0.30,325
2024-01-14T19:00,0.64,321,3.65,0.56,319,0.30,329
2024-01-14T20:00,0.62,320,3.70,0.44,308,0.38,327
2024-01-14T21:00,0.58,319,3.75,0.34,298,0.44,325
2024-01-14T22:00,0.56,318,3.85,0.22,287,0.52,323
2024-01-14T23:00,0.54,318,3.90,0.20,282,0.50,323
2024-01-15T00:00,0.52,319,3.90,0.18,276,0.48,323
2024-01-15T01:00,0.50,319,3.95,0.16,271,0.46,323
2024-01-15T02:00,0.48,320,4.00,0.14,270,0.46,323
2024-01-15T03:00,0.48,320,4.00,0.14,269,0.44,323
2024-01-15T04:00,0.46,321,4.05,0.12,268,0.44,323
2024-01-15T05:00,0.44,322,4.05,0.08,239,0.44,323
2024-01-15T06:00,0.44,322,4.10,0.04,209,0.42,323
2024-01-15T07:00,0.42,323,4.10,0.00,180,0.42,323
2024-01-15T08:00,0.42,324,4.15,0.00,180,0.42,324
2024-01-15T09:00,0.42,326,4.20,0.00,180,0.42,326
2024-01-15T10:00,0.42,327,4.25,0.00,180,0.42,327
2024-01-15T11:00,0.42,328,4.30,0.02,223,0.42,328
2024-01-15T12:00,0.42,329,4.30,0.06,267,0.42,329
2024-01-15T13:00,0.42,330,4.30,0.08,310,0.42,330
2024-01-15T14:00,0.44,330,4.15,0.16,312,0.40,332
2024-01-15T15:00,0.48,329,3.95,0.24,315,0.40,334
2024-01-15T16:00,0.50,329,3.85,0.32,317,0.38,336
2024-01-15T17:00,0.62,328,4.00,0.40,316,0.48,335
2024-01-15T18:00,0.74,326,4.30,0.50,314,0.56,335
2024-01-15T19:00,0.86,325,4.50,0.58,313,0.66,334
2024-01-15T20:00,0.80,326,4.55,0.44,304,0.66,332
2024-01-15T21:00,0.76,326,4.55,0.30,296,0.68,331
2024-01-15T22:00,0.70,327,4.55,0.16,287,0.68,329
2024-01-15T23:00,0.66,327,4.50,0.18,283,0.64,330
2024-01-16T00:00,0.64,326,4.45,0.18,280,0.62,330
2024-01-16T01:00,0.60,326,4.40,0.20,276,0.58,331
2024-01-16T02:00,0.58,325,4.35,0.20,273,0.56,330
2024-01-16T03:00,0.56,325,4.25,0.18,269,0.54,330
2024-01-16T04:00,0.54,324,4.25,0.18,266,0.52,329
2024-01-16T05:00,0.56,325,4.40,0.16,269,0.54,329
2024-01-16T06:00,0.60,327,4.60,0.16,272,0.58,329
2024-01-16T07:00,0.62,328,4.75,0.14,275,0.60,329
2024-01-16T08:00,0.60,327,4.80,0.12,275,0.60,328
2024-01-16T09:00,0.60,327,4.75,0.10,275,0.58,328
2024-01-16T10:00,0.58,326,4.75,0.08,275,0.58,327
2024-01-16T11:00,0.58,326,4.75,0.08,284,0.58,326
2024-01-16T12:00,0.58,325,4.75,0.08,294,0.58,326
2024-01-16T13:00,0.58,325,4.75,0.08,303,0.58,325
2024-01-16T14:00,0.58,323,4.70,0.12,303,0.58,324
2024-01-16T15:00,0.58,322,4.60,0.18,303,0.56,323
2024-01-16T16:00,0.58,320,4.50,0.22,303,0.56,322
2024-01-16T17:00,0.64,318,4.40,0.30,304,0.58,321
2024-01-16T18:00,0.70,317,4.35,0.36,305,0.62,320
2024-01-16T19:00,0.76,315,4.30,0.44,306,0.64,319
2024-01-16T20:00,0.72,315,4.35,0.36,299,0.64,319
2024-01-16T21:00,0.70,316,4.40,0.26,292,0.64,318
2024-01-16T22:00,0.66,316,4.45,0.18,285,0.64,318
2024-01-16T23:00,0.62,317,4.50,0.16,283,0.60,319
2024-01-17T00:00,0.60,318,4.50,0.14,282,0.58,320
2024-01-17T01:00,0.56,319,4.50,0.12,280,0.54,321
2024-01-17T02:00,0.54,319,4.45,0.14,281,0.52,322
2024-01-17T03:00,0.54,320,4.40,0.18,283,0.50,324
2024-01-17T04:00,0.52,320,4.30,0.20,284,0.48,325
2024-01-17T05:00,0.52,320,4.25,0.20,285,0.48,324
2024-01-17T06:00,0.54,319,4.15,0.22,287,0.50,324
2024-01-17T07:00,0.54,319,4.10,0.22,288,0.50,323
2024-01-17T08:00,0.56,317,4.05,0.28,289,0.50,325
2024-01-17T09:00,0.60,316,4.00,0.32,289,0.50,326
2024-01-17T10:00,0.62,314,3.95,0.38,290,0.50,328
2024-01-17T11:00,0.68,313,3.95,0.48,294,0.46,333
2024-01-17T12:00,0.72,311,3.95,0.60,298,0.40,337
2024-01-17T13:00,0.78,310,3.95,0.70,302,0.36,342
2024-01-17T14:00,0.84,309,4.00,0.72,300,0.42,339
2024-01-17T15:00,0.88,309,4.10,0.76,299,0.46,337
2024-01-17T16:00,0.94,308,4.20,0.78,297,0.52,334
2024-01-17T17:00,0.92,308,4.35,0.66,291,0.62,328
2024-01-17T18:00,0.92,309,4.50,0.52,284,0.72,322
2024-01-17T19:00,0.90,309,4.60,0.40,278,0.82,316
2024-01-17T20:00,0.84,310,4.65,0.32,274,0.78,315
2024-01-17T21:00,0.80,311,4.70,0.24,270,0.76,315
2024-01-17T22:00,0.74,312,4.70,0.16,266,0.72,314
2024-01-17T23:00,0.70,313,4.70,0.14,260,0.68,315
2024-01-18T00:00,0.66,314,4.65,0.14,255,0.64,316
2024-01-18T01:00,0.62,315,4.65,0.12,249,0.60,317
2024-01-18T02:00,0.58,316,4.65,0.10,242,0.58,318
2024-01-18T03:00,0.56,318,4.65,0.08,236,0.54,319
2024-01-18T04:00,0.52,319,4.65,0.06,229,0.52,320
2024-01-18T05:00,0.52,321,4.70,0.04,233,0.52,322
2024-01-18T06:00,0.50,323,4.80,0.04,236,0.50,323
2024-01-18T07:00,0.50,325,4.90,0.02,240,0.50,325
2024-01-18T08:00,0.50,326,4.95,0.04,249,0.48,326
2024-01-18T09:00,0.48,327,4.95,0.06,258,0.48,328
2024-01-18T10:00,0.48,328,4.95,0.08,267,0.46,329
2024-01-18T11:00,0.48,328,4.95,0.08,279,0.46,328
2024-01-18T12:00,0.48,327,4.90,0.06,291,0.48,328
2024-01-18T13:00,0.48,327,4.85,0.06,303,0.48,327
2024-01-18T14:00,0.52,324,4.60,0.12,300,0.50,326
2024-01-18T15:00,0.54,322,4.35,0.18,297,0.50,325
2024-01-18T16:00,0.58,319,4.50,0.24,294,0.52,324
2024-01-18T17:00,0.92,319,5.40,0.20,289,0.88,322
2024-01-18T18:00,1.24,319,6.70,0.16,283,1.22,321
2024-01-18T19:00,1.58,319,7.60,0.12,278,1.58,319
2024-01-18T20:00,1.50,320,7.75,0.12,270,1.50,320
2024-01-18T21:00,1.40,321,7.55,0.10,261,1.40,321
2024-01-18T22:00,1.32,322,7.35,0.10,253,1.32,322
2024-01-18T23:00,1.24,323,7.30,0.08,250,1.24,323
2024-01-19T00:00,1.18,324,7.25,0.04,248,1.18,324
2024-01-19T01:00,1.10,325,7.20,0.02,245,1.10,325
2024-01-19T02:00,1.04,325,7.10,0.02,223,1.04,325
2024-01-19T03:00,1.00,326,7.05,0.00,202,1.00,326
2024-01-19T04:00,0.94,326,6.90,0.00,180,0.94,326
2024-01-19T05:00,0.88,326,6.70,0.00,180,0.88,326
2024-01-19T06:00,0.84,325,6.50,0.00,180,0.84,325
2024-01-19T07:00,0.78,325,6.30,0.00,180,0.78,325
2024-01-19T08:00,0.76,324,6.10,0.04,210,0.76,324
2024-01-19T09:00,0.74,322,5.90,0.06,241,0.72,322
2024-01-19T10:00,0.72,321,5.70,0.10,271,0.70,321
2024-01-19T11:00,0.80,317,5.45,0.26,278,0.72,320
2024-01-19T12:00,0.86,313,5.20,0.40,284,0.76,319
2024-01-19T13:00,0.94,309,5.05,0.56,291,0.78,318
2024-01-19T14:00,1.10,307,5.05,0.80,293,0.74,323
2024-01-19T15:00,1.28,306,5.15,1.04,295,0.68,327
2024-01-19T16:00,1.44,304,5.20,1.28,297,0.64,332
2024-01-19T17:00,1.40,303,5.20,1.18,293,0.72,328
2024-01-19T18:00,1.34,302,5.20,1.06,290,0.80,323
2024-01-19T19:00,1.30,301,5.15,0.96,286,0.88,319
2024-01-19T20:00,1.22,301,5.10,0.80,281,0.90,315
2024-01-19T21:00,1.16,300,5.10,0.66,276,0.94,311
2024-01-19T22:00,1.08,300,5.05,0.50,271,0.96,307
2024-01-19T23:00,1.02,300,5.05,0.42,267,0.92,306
2024-01-20T00:00,0.94,301,5.00,0.34,263,0.88,305
2024-01-20T01:00,0.88,301,5.00,0.26,259,0.84,304
2024-01-20T02:00,0.84,302,4.95,0.22,255,0.80,304
2024-01-20T03:00,0.78,302,4.90,0.18,252,0.78,304
2024-01-20T04:00,0.74,303,4.90,0.14,248,0.74,304
2024-01-20T05:00,0.78,304,5.05,0.10,225,0.78,304
2024-01-20T06:00,0.80,304,5.25,0.04,203,0.80,305
2024-01-20T07:00,0.84,305,5.40,0.00,180,0.84,305
2024-01-20T08:00,0.82,305,5.45,0.00,180,0.82,305
2024-01-20T09:00,0.78,306,5.50,0.00,180,0.78,306
2024-01-20T10:00,0.76,306,5.50,0.00,180,0.76,306
2024-01-20T11:00,0.74,306,5.50,0.00,180,0.74,306
2024-01-20T12:00,0.70,307,5.50,0.00,180,0.70,307
2024-01-20T13:00,0.68,307,5.45,0.00,180,0.68,307
2024-01-20T14:00,0.66,307,5.40,0.04,225,0.66,307
2024-01-20T15:00,0.66,307,5.35,0.08,270,0.66,306
2024-01-20T16:00,0.64,307,5.30,0.12,315,0.64,306
2024-01-20T17:00,0.66,307,5.25,0.10,319,0.66,306
2024-01-20T18:00,0.68,307,5.20,0.06,322,0.68,307
2024-01-20T19:00,0.70,307,5.15,0.04,326,0.70,307
2024-01-20T20:00,0.70,307,5.15,0.02,277,0.70,307
2024-01-20T21:00,0.72,307,5.15,0.02,229,0.72,307
2024-01-20T22:00,0.72,307,5.15,0.00,180,0.72,307
2024-01-20T23:00,0.70,307,5.15,0.00,152,0.70,307
2024-01-21T00:00,0.68,306,5.10,0.02,123,0.68,306
2024-01-21T01:00,0.66,306,5.10,0.02,95,0.66,306
2024-01-21T02:00,0.64,306,5.10,0.02,123,0.64,306
2024-01-21T03:00,0.60,305,5.05,0.00,152,0.60,305
2024-01-21T04:00,0.58,305,5.05,0.00,180,0.58,305
2024-01-21T05:00,0.56,304,5.00,0.00,180,0.56,304
2024-01-21T06:00,0.54,304,4.95,0.00,180,0.54,304
2024-01-21T07:00,0.52,303,4.90,0.00,180,0.52,303
2024-01-21T08:00,0.50,303,4.85,0.02,218,0.50,303
2024-01-21T09:00,0.50,302,4.75,0.06,256,0.48,302
2024-01-21T10:00,0.48,302,4.65,0.08,294,0.46,302
2024-01-21T11:00,0.54,302,4.50,0.20,296,0.46,302
2024-01-21T12:00,0.58,301,4.25,0.34,298,0.46,302
2024-01-21T13:00,0.64,301,4.15,0.46,300,0.46,302
2024-01-21T14:00,0.78,302,4.15,0.64,301,0.40,307
2024-01-21T15:00,0.90,302,4.25,0.82,301,0.36,311
2024-01-21T16:00,1.04,303,4.35,1.00,302,0.30,316
2024-01-21T17:00,1.02,302,4.40,0.86,298,0.46,313
2024-01-21T18:00,1.00,301,4.50,0.72,293,0.62,310
2024-01-21T19:00,0.98,300,4.55,0.58,289,0.78,307
2024-01-21T20:00,0.92,301,4.55,0.44,280,0.78,306
2024-01-21T21:00,0.84,301,4.55,0.30,271,0.76,304
2024-01-21T22:00,0.78,302,4.55,0.16,262,0.76,303
2024-01-21T23:00,0.74,303,4.55,0.12,256,0.74,303
2024-01-22T00:00,0.72,303,4.60,0.06,251,0.70,304
2024-01-22T01:00,0.68,304,4.60,0.02,245,0.68,304
2024-01-22T02:00,0.66,305,4.60,0.02,223,0.66,305
2024-01-22T03:00,0.62,305,4.60,0.00,202,0.62,305
2024-01-22T04:00,0.60,306,4.60,0.00,180,0.60,306
2024-01-22T05:00,0.62,306,4.60,0.02,207,0.62,307
2024-01-22T06:00,0.64,307,4.60,0.02,233,0.64,307
2024-01-22T07:00,0.66,307,4.65,0.04,260,0.66,308
2024-01-22T08:00,0.66,307,4.70,0.06,265,0.66,308
2024-01-22T09:00,0.66,307,4.75,0.06,269,0.66,307
2024-01-22T10:00,0.66,307,4.80,0.08,274,0.66,307
2024-01-22T11:00,0.68,306,4.80,0.18,282,0.66,307
2024-01-22T12:00,0.72,306,4.75,0.26,289,0.66,307
2024-01-22T13:00,0.74,305,4.70,0.36,297,0.66,307
2024-01-22T14:00,0.86,304,4.65,0.58,297,0.58,314
2024-01-22T15:00,0.98,302,4.55,0.80,297,0.48,320
2024-01-22T16:00,1.10,301,4.55,1.02,297,0.40,327
2024-01-22T17:00,1.08,302,4.65,0.86,295,0.56,321
2024-01-22T18:00,1.08,302,4.75,0.72,293,0.74,314
2024-01-22T19:00,1.06,303,4.85,0.56,291,0.90,308
2024-01-22T20:00,1.00,304,4.85,0.48,291,0.88,308
2024-01-22T21:00,0.96,305,4.75,0.38,290,0.86,308
2024-01-22T22:00,0.90,306,4.70,0.30,290,0.84,308
2024-01-22T23:00,0.86,307,4.65,0.22,279,0.82,309
2024-01-23T00:00,0.80,309,4.65,0.14,268,0.78,309
2024-01-23T01:00,0.76,310,4.65,0.06,257,0.76,310
2024-01-23T02:00,0.72,311,4.65,0.04,231,0.72,311
2024-01-23T03:00,0.70,311,4.65,0.02,206,0.70,311
2024-01-23T04:00,0.66,312,4.65,0.00,180,0.66,312
2024-01-23T05:00,0.64,310,4.70,0.00,180,0.64,310
2024-01-23T06:00,0.64,309,4.75,0.00,180,0.64,309
2024-01-23T07:00,0.62,307,4.80,0.00,180,0.62,307
2024-01-23T08:00,0.60,306,4.85,0.00,180,0.60,306
2024-01-23T09:00,0.60,306,4.90,0.00,180,0.60,306
2024-01-23T10:00,0.58,305,4.95,0.00,180,0.58,305
2024-01-23T11:00,0.56,305,4.95,0.00,180,0.56,305
2024-01-23T12:00,0.54,304,4.95,0.00,180,0.54,304
2024-01-23T13:00,0.52,304,4.95,0.00,180,0.52,304
2024-01-23T14:00,0.50,304,4.95,0.00,180,0.50,304
2024-01-23T15:00,0.50,303,4.95,0.00,180,0.50,303
2024-01-23T16:00,0.48,303,4.95,0.00,180,0.48,303
2024-01-23T17:00,0.46,304,4.85,0.00,180,0.46,304
2024-01-23T18:00,0.44,304,4.75,0.00,180,0.44,304
2024-01-23T19:00,0.42,305,4.65,0.00,180,0.42,305
2024-01-23T20:00,0.40,305,4.60,0.02,215,0.40,305
2024-01-23T21:00,0.40,306,4.55,0.02,251,0.40,306
2024-01-23T22:00,0.38,306,4.50,0.04,286,0.38,306
2024-01-23T23:00,0.38,306,4.40,0.06,288,0.38,306
2024-01-24T00:00,0.38,307,4.35,0.06,291,0.36,307
2024-01-24T01:00,0.38,307,4.25,0.08,293,0.36,307
2024-01-24T02:00,0.38,308,4.15,0.06,255,0.36,308
2024-01-24T03:00,0.36,308,4.05,0.02,218,0.36,308
2024-01-24T04:00,0.36,309,4.05,0.00,180,0.36,309
2024-01-24T05:00,0.38,310,4.15,0.00,180,0.38,310
2024-01-24T06:00,0.38,310,4.30,0.00,180,0.38,310
2024-01-24T07:00,0.40,311,4.40,0.00,180,0.40,311
2024-01-24T08:00,0.40,311,4.45,0.02,220,0.40,311
2024-01-24T09:00,0.40,312,4.45,0.02,260,0.40,312
2024-01-24T10:00,0.40,312,4.40,0.04,300,0.40,312
2024-01-24T11:00,0.44,311,4.30,0.12,302,0.42,312
2024-01-24T12:00,0.48,310,4.15,0.22,305,0.42,311
2024-01-24T13:00,0.52,309,4.05,0.30,307,0.44,311
2024-01-24T14:00,0.64,309,4.05,0.44,306,0.46,312
2024-01-24T15:00,0.78,308,4.15,0.60,305,0.48,314
2024-01-24T16:00,0.90,308,4.25,0.74,304,0.50,315
2024-01-24T17:00,0.92,308,4.35,0.64,301,0.62,313
2024-01-24T18:00,0.94,307,4.50,0.54,297,0.74,312
2024-01-24T19:00,0.96,307,4.60,0.44,294,0.86,310
2024-01-24T20:00,0.88,307,4.70,0.30,289,0.82,309
2024-01-24T21:00,0.82,308,4.75,0.18,285,0.78,309
2024-01-24T22:00,0.74,308,4.75,0.04,280,0.74,308
2024-01-24T23:00,0.68,309,4.75,0.04,269,0.68,309
2024-01-25T00:00,0.64,309,4.65,0.04,259,0.64,309
2024-01-25T01:00,0.58,310,4.60,0.04,248,0.58,310
2024-01-25T02:00,0.56,311,4.55,0.06,253,0.54,312
2024-01-25T03:00,0.52,313,4.45,0.06,258,0.52,313
2024-01-25T04:00,0.50,314,4.35,0.08,263,0.48,315
2024-01-25T05:00,0.48,317,4.10,0.08,268,0.46,318
2024-01-25T06:00,0.44,320,3.85,0.08,272,0.42,321
2024-01-25T07:00,0.42,323,3.65,0.08,277,0.40,324
2024-01-25T08:00,0.42,325,3.65,0.08,276,0.40,326
2024-01-25T09:00,0.42,328,3.70,0.06,274,0.42,328
2024-01-25T10:00,0.42,330,3.75,0.06,273,0.42,330
2024-01-25T11:00,0.42,331,3.75,0.10,285,0.42,332
2024-01-25T12:00,0.42,332,3.75,0.12,298,0.40,334
2024-01-25T13:00,0.42,333,3.75,0.16,310,0.40,336
2024-01-25T14:00,0.46,332,3.65,0.24,311,0.38,339
2024-01-25T15:00,0.48,330,3.55,0.30,313,0.36,343
2024-01-25T16:00,0.52,329,3.50,0.38,314,0.34,346
2024-01-25T17:00,0.56,328,3.55,0.40,316,0.38,341
2024-01-25T18:00,0.58,326,3.60,0.40,318,0.40,336
2024-01-25T19:00,0.62,325,3.70,0.42,320,0.44,331
2024-01-25T20:00,0.60,326,3.75,0.36,315,0.46,331
2024-01-25T21:00,0.58,326,3.80,0.28,309,0.50,331
2024-01-25T22:00,0.56,327,3.85,0.22,304,0.52,331
2024-01-25T23:00,0.54,328,3.90,0.18,296,0.52,331
2024-01-26T00:00,0.52,329,3.95,0.14,287,0.50,332
2024-01-26T01:00,0.50,330,4.00,0.10,279,0.50,332
2024-01-26T02:00,0.48,331,4.00,0.10,276,0.48,333
2024-01-26T03:00,0.48,331,4.00,0.12,274,0.48,333
2024-01-26T04:00,0.46,332,4.05,0.12,271,0.46,334
2024-01-26T05:00,0.46,334,4.15,0.10,279,0.46,335
2024-01-26T06:00,0.48,336,4.25,0.08,288,0.48,337
2024-01-26T07:00,0.48,338,4.35,0.06,296,0.48,338
2024-01-26T08:00,0.48,338,4.35,0.08,294,0.48,339
2024-01-26T09:00,0.46,339,4.35,0.10,291,0.46,340
2024-01-26T10:00,0.46,339,4.30,0.12,289,0.46,341
2024-01-26T11:00,0.48,338,4.20,0.18,296,0.44,342
2024-01-26T12:00,0.48,336,4.10,0.22,302,0.44,344
2024-01-26T13:00,0.50,335,3.95,0.28,309,0.42,345
2024-01-26T14:00,0.54,332,3.80,0.36,311,0.38,349
2024-01-26T15:00,0.58,330,3.65,0.44,314,0.36,353
2024-01-26T16:00,0.62,327,3.60,0.52,316,0.32,357
2024-01-26T17:00,0.68,327,3.75,0.52,314,0.40,352
2024-01-26T18:00,0.72,327,4.00,0.54,312,0.48,348
2024-01-26T19:00,0.78,327,4.20,0.54,310,0.56,343
2024-01-26T20:00,0.76,327,4.30,0.46,307,0.60,340
2024-01-26T21:00,0.74,328,4.35,0.38,303,0.62,336
2024-01-26T22:00,0.72,328,4.35,0.30,300,0.66,333
2024-01-26T23:00,0.70,328,4.35,0.28,295,0.64,334
2024-01-27T00:00,0.68,329,4.35,0.28,291,0.60,335
2024-01-27T01:00,0.66,329,4.35,0.26,286,0.58,336
2024-01-27T02:00,0.64,328,4.30,0.26,284,0.56,336
2024-01-27T03:00,0.64,327,4.25,0.28,283,0.56,337
2024-01-27T04:00,0.62,326,4.20,0.28,281,0.54,337
2024-01-27T05:00,0.60,327,4.20,0.28,284,0.52,338
2024-01-27T06:00,0.60,329,4.20,0.28,288,0.52,338
2024-01-27T07:00,0.58,330,4.20,0.28,291,0.50,339
2024-01-27T08:00,0.58,329,4.15,0.28,289,0.50,339
2024-01-27T09:00,0.56,328,4.10,0.28,287,0.48,339
2024-01-27T10:00,0.56,327,4.05,0.28,285,0.48,339
2024-01-27T11:00,0.58,325,3.95,0.36,290,0.44,343
2024-01-27T12:00,0.60,322,3.85,0.42,296,0.42,348
2024-01-27T13:00,0.62,320,3.75,0.50,301,0.38,352
2024-01-27T14:00,0.66,318,3.70,0.54,301,0.38,352
2024-01-27T15:00,0.70,315,3.70,0.60,301,0.36,353
2024-01-27T16:00,0.74,313,3.70,0.64,301,0.36,353
2024-01-27T17:00,0.72,313,3.75,0.62,299,0.38,351
2024-01-27T18:00,0.72,314,3.80,0.58,297,0.42,348
2024-01-27T19:00,0.70,314,3.85,0.56,295,0.44,346
2024-01-27T20:00,0.68,315,3.90,0.50,292,0.46,342
2024-01-27T21:00,0.64,315,3.95,0.44,289,0.48,337
2024-01-27T22:00,0.62,316,4.00,0.38,286,0.50,333
2024-01-27T23:00,0.60,317,4.00,0.38,286,0.48,334
2024-01-28T00:00,0.60,318,4.00,0.36,287,0.48,335
2024-01-28T01:00,0.58,319,4.00,0.36,287,0.46,336
2024-01-28T02:00,0.58,318,3.95,0.36,287,0.44,338
2024-01-28T03:00,0.58,318,3.90,0.38,286,0.44,339
2024-01-28T04:00,0.58,317,3.90,0.38,286,0.42,341
2024-01-28T05:00,0.58,320,4.05,0.36,287,0.46,340
2024-01-28T06:00,0.60,323,4.25,0.32,287,0.48,338
2024-01-28T07:00,0.60,326,4.40,0.30,288,0.52,337
2024-01-28T08:00,0.60,325,4.40,0.32,288,0.50,338
2024-01-28T09:00,0.58,325,4.30,0.34,289,0.50,340
2024-01-28T10:00,0.58,324,4.20,0.36,289,0.48,341
2024-01-28T11:00,0.62,322,4.10,0.44,293,0.44,344
2024-01-28T12:00,0.66,319,3.95,0.50,298,0.42,348
2024-01-28T13:00,0.70,317,3.85,0.58,302,0.38,351
2024-01-28T14:00,0.74,316,3.80,0.62,303,0.38,351
2024-01-28T15:00,0.78,315,3.80,0.68,303,0.38,352
2024-01-28T16:00,0.82,314,3.85,0.72,304,0.38,352
2024-01-28T17:00,0.78,316,3.95,0.62,301,0.44,346
2024-01-28T18:00,0.76,318,4.15,0.52,298,0.52,340
2024-01-28T19:00,0.72,320,4.25,0.42,295,0.58,334
2024-01-28T20:00,0.68,321,4.30,0.38,292,0.56,333
2024-01-28T21:00,0.66,321,4.30,0.34,290,0.56,333
2024-01-28T22:00,0.62,322,4.30,0.30,287,0.54,332
2024-01-28T23:00,0.60,322,4.30,0.30,286,0.52,333
2024-01-29T00:00,0.60,323,4.30,0.30,286,0.52,335
2024-01-29T01:00,0.58,323,4.25,0.30,285,0.50,336
2024-01-29T02:00,0.58,322,4.15,0.34,288,0.48,337
2024-01-29T03:00,0.60,321,4.05,0.38,292,0.46,339
2024-01-29T04:00,0.60,320,4.00,0.42,295,0.44,340
2024-01-29T05:00,0.60,322,4.10,0.38,291,0.46,340
2024-01-29T06:00,0.58,325,4.25,0.32,286,0.48,339
2024-01-29T07:00,0.58,327,4.35,0.28,282,0.50,339
2024-01-29T08:00,0.58,328,4.40,0.28,281,0.50,340
2024-01-29T09:00,0.56,329,4.45,0.26,280,0.50,340
2024-01-29T10:00,0.56,330,4.45,0.26,279,0.50,341
2024-01-29T11:00,0.56,328,4.40,0.30,283,0.48,342
2024-01-29T12:00,0.58,327,4.30,0.34,286,0.48,344
2024-01-29T13:00,0.58,325,4.20,0.38,290,0.46,345
2024-01-29T14:00,0.60,323,4.10,0.42,292,0.46,346
2024-01-29T15:00,0.64,322,4.00,0.44,294,0.44,348
2024-01-29T16:00,0.66,320,3.95,0.48,296,0.44,349
2024-01-29T17:00,0.66,320,4.05,0.44,292,0.48,345
2024-01-29T18:00,0.68,320,4.20,0.42,289,0.52,340
2024-01-29T19:00,0.68,320,4.35,0.38,285,0.56,336
2024-01-29T20:00,0.66,323,4.45,0.32,285,0.56,335
2024-01-29T21:00,0.62,326,4.60,0.26,286,0.58,334
2024-01-29T22:00,0.60,329,4.70,0.20,286,0.58,333
2024-01-29T23:00,0.58,331,4.80,0.18,281,0.56,335
2024-01-30T00:00,0.58,332,4.90,0.18,277,0.56,336
2024-01-30T01:00,0.56,334,4.95,0.16,272,0.54,338
2024-01-30T02:00,0.56,334,4.95,0.18,276,0.52,339
2024-01-30T03:00,0.56,334,4.90,0.20,280,0.52,340
2024-01-30T04:00,0.56,334,4.85,0.22,284,0.50,341
2024-01-30T05:00,0.54,336,4.90,0.20,288,0.50,341
2024-01-30T06:00,0.54,337,5.00,0.18,291,0.48,342
2024-01-30T07:00,0.52,339,5.00,0.16,295,0.48,342
2024-01-30T08:00,0.52,336,4.85,0.22,296,0.46,343
2024-01-30T09:00,0.54,334,4.60,0.26,297,0.46,345
2024-01-30T10:00,0.54,331,4.40,0.32,298,0.44,346
2024-01-30T11:00,0.60,327,4.20,0.42,300,0.42,348
2024-01-30T12:00,0.66,322,4.00,0.50,303,0.40,351
2024-01-30T13:00,0.72,318,3.85,0.60,305,0.38,353
2024-01-30T14:00,0.78,316,3.85,0.68,304,0.38,353
2024-01-30T15:00,0.86,315,3.90,0.74,304,0.40,352
2024-01-30T16:00,0.92,313,3.95,0.82,303,0.40,352
2024-01-30T17:00,0.88,313,3.95,0.76,301,0.42,349
2024-01-30T18:00,0.82,313,3.95,0.70,299,0.44,347
2024-01-30T19:00,0.78,313,3.95,0.64,297,0.46,344
2024-01-30T20:00,0.72,315,4.00,0.52,296,0.50,337
2024-01-30T21:00,0.68,316,4.00,0.40,294,0.52,331
2024-01-30T22:00,0.62,318,4.05,0.28,293,0.56,324
2024-01-30T23:00,0.58,319,4.10,0.26,294,0.54,325
2024-01-31T00:00,0.56,321,4.10,0.24,295,0.50,327
2024-01-31T01:00,0.52,322,4.10,0.22,296,0.48,328
2024-01-31T02:00,0.52,321,4.00,0.28,298,0.44,331
2024-01-31T03:00,0.52,321,3.90,0.32,299,0.42,335
2024-01-31T04:00,0.52,320,3.80,0.38,301,0.38,338
2024-01-31T05:00,0.56,318,3.75,0.40,298,0.38,339
2024-01-31T06:00,0.58,316,3.70,0.44,296,0.40,340
2024-01-31T07:00,0.62,314,3.70,0.46,293,0.40,341
2024-01-31T08:00,0.62,313,3.70,0.46,292,0.42,340
2024-01-31T09:00,0.64,313,3.75,0.46,290,0.42,339
2024-01-31T10:00,0.64,312,3.75,0.46,289,0.44,338
2024-01-31T11:00,0.66,312,3.75,0.50,292,0.42,340
2024-01-31T12:00,0.68,311,3.75,0.54,295,0.40,342
2024-01-31T13:00,0.70,311,3.75,0.58,298,0.38,344
2024-01-31T14:00,0.72,310,3.75,0.62,298,0.38,344
2024-01-31T15:00,0.76,310,3.75,0.64,299,0.38,344
2024-01-31T16:00,0.78,309,3.80,0.68,299,0.38,344
2024-01-31T17:00,0.80,309,3.90,0.66,297,0.44,339
2024-01-31T18:00,0.82,310,4.05,0.62,294,0.52,335
2024-01-31T19:00,0.84,310,4.20,0.60,292,0.58,330
2024-01-31T20:00,0.78,312,4.25,0.46,288,0.60,326
2024-01-31T21:00,0.70,313,4.30,0.32,284,0.60,322
2024-01-31T22:00,0.64,315,4.35,0.18,280,0.62,318
2024-01-31T23:00,0.60,317,4.40,0.16,280,0.58,319
2024-02-01T00:00,0.56,319,4.45,0.12,279,0.56,321
2024-02-01T01:00,0.52,321,4.45,0.10,279,0.52,322
2024-02-01T02:00,0.50,322,4.40,0.12,281,0.50,324
2024-02-01T03:00,0.48,323,4.35,0.14,282,0.46,327
2024-02-01T04:00,0.46,324,4.35,0.16,284,0.44,329
2024-02-01T05:00,0.46,326,4.50,0.14,278,0.44,330
2024-02-01T06:00,0.44,329,4.65,0.10,272,0.44,332
2024-02-01T07:00,0.44,331,4.80,0.08,266,0.44,333
2024-02-01T08:00,0.44,332,4.85,0.08,267,0.42,334
2024-02-01T09:00,0.42,333,4.85,0.10,269,0.42,335
2024-02-01T10:00,0.42,334,4.75,0.10,270,0.40,336
2024-02-01T11:00,0.42,333,4.60,0.16,285,0.38,338
2024-02-01T12:00,0.44,333,4.35,0.20,299,0.38,339
2024-02-01T13:00,0.44,332,4.15,0.26,314,0.36,341
2024-02-01T14:00,0.46,331,4.00,0.28,313,0.36,341
2024-02-01T15:00,0.48,329,3.85,0.30,311,0.38,340
2024-02-01T16:00,0.50,328,3.75,0.32,310,0.38,340
2024-02-01T17:00,0.50,328,3.70,0.30,307,0.40,338
2024-02-01T18:00,0.50,327,3.70,0.26,303,0.42,337
2024-02-01T19:00,0.50,327,3.70,0.24,300,0.44,335
2024-02-01T20:00,0.48,327,3.75,0.22,293,0.44,335
2024-02-01T21:00,0.46,328,3.80,0.18,286,0.42,334
2024-02-01T22:00,0.44,328,3.80,0.16,279,0.42,334
2024-02-01T23:00,0.44,326,3.80,0.18,275,0.40,335
2024-02-02T00:00,0.42,325,3.75,0.18,272,0.40,335
2024-02-02T01:00,0.42,323,3.70,0.20,268,0.38,336
2024-02-02T02:00,0.42,323,3.65,0.18,265,0.38,334
2024-02-02T03:00,0.40,322,3.65,0.18,262,0.36,332
2024-02-02T04:00,0.40,322,3.70,0.16,259,0.36,330
2024-02-02T05:00,0.42,325,3.95,0.14,255,0.38,331
2024-02-02T06:00,0.42,329,4.30,0.12,250,0.42,333
2024-02-02T07:00,0.44,332,4.55,0.10,246,0.44,334
2024-02-02T08:00,0.44,333,4.65,0.06,224,0.44,335
2024-02-02T09:00,0.42,335,4.65,0.04,202,0.42,335
2024-02-02T10:00,0.42,336,4.65,0.00,180,0.42,336
2024-02-02T11:00,0.42,336,4.65,0.00,180,0.42,336
2024-02-02T12:00,0.40,337,4.70,0.00,180,0.40,337
2024-02-02T13:00,0.40,337,4.65,0.00,180,0.40,337
2024-02-02T14:00,0.40,337,4.55,0.04,225,0.40,338
2024-02-02T15:00,0.40,336,4.40,0.10,271,0.38,338
2024-02-02T16:00,0.40,336,4.30,0.14,316,0.38,339
2024-02-02T17:00,0.40,335,4.30,0.12,310,0.38,338
2024-02-02T18:00,0.38,335,4.30,0.12,304,0.38,337
2024-02-02T19:00,0.38,334,4.25,0.10,298,0.38,336
2024-02-02T20:00,0.40,330,4.10,0.14,294,0.38,336
2024-02-02T21:00,0.42,327,3.90,0.20,289,0.38,335
2024-02-02T22:00,0.44,323,3.75,0.24,285,0.38,335
2024-02-02T23:00,0.44,321,3.70,0.24,280,0.38,333
2024-02-03T00:00,0.46,318,3.70,0.22,274,0.40,331
2024-02-03T01:00,0.46,316,3.70,0.22,269,0.40,329
2024-02-03T02:00,0.46,316,3.70,0.18,270,0.40,326
2024-02-03T03:00,0.44,316,3.70,0.16,272,0.42,322
2024-02-03T04:00,0.44,316,3.75,0.12,273,0.42,319
2024-02-03T05:00,0.44,317,3.80,0.10,278,0.42,319
2024-02-03T06:00,0.42,319,3.90,0.06,284,0.42,320
2024-02-03T07:00,0.42,320,3.95,0.04,289,0.42,320
2024-02-03T08:00,0.42,320,4.00,0.04,291,0.42,320
2024-02-03T09:00,0.44,321,4.10,0.06,293,0.44,321
2024-02-03T10:00,0.44,321,4.10,0.06,295,0.44,321
2024-02-03T11:00,0.46,320,4.05,0.14,298,0.44,322
2024-02-03T12:00,0.50,320,3.95,0.22,302,0.42,324
2024-02-03T13:00,0.52,319,3.85,0.30,305,0.42,325
2024-02-03T14:00,0.60,316,3.75,0.42,303,0.38,331
2024-02-03T15:00,0.66,312,3.70,0.54,302,0.36,338
2024-02-03T16:00,0.74,309,3.70,0.66,300,0.32,344
2024-02-03T17:00,0.80,309,3.85,0.68,299,0.40,338
2024-02-03T18:00,0.84,308,4.10,0.70,298,0.46,333
2024-02-03T19:00,0.90,308,4.25,0.72,297,0.54,327
2024-02-03T20:00,0.86,308,4.25,0.64,295,0.56,325
2024-02-03T21:00,0.80,309,4.20,0.56,292,0.56,323
2024-02-03T22:00,0.76,309,4.15,0.48,290,0.58,321
2024-02-03T23:00,0.72,309,4.10,0.42,286,0.58,320
2024-02-04T00:00,0.68,309,4.10,0.38,282,0.56,318
2024-02-04T01:00,0.64,309,4.05,0.32,278,0.56,317
2024-02-04T02:00,0.62,309,4.00,0.28,276,0.54,316
2024-02-04T03:00,0.58,309,3.95,0.26,274,0.54,316
2024-02-04T04:00,0.56,309,3.90,0.22,272,0.52,315
2024-02-04T05:00,0.58,307,3.80,0.30,276,0.48,318
2024-02-04T06:00,0.60,306,3.70,0.38,281,0.46,322
2024-02-04T07:00,0.62,304,3.65,0.46,285,0.42,325
2024-02-04T08:00,0.64,303,3.60,0.50,287,0.40,329
2024-02-04T09:00,0.66,301,3.60,0.56,288,0.36,332
2024-02-04T10:00,0.68,300,3.60,0.60,290,0.34,336
2024-02-04T11:00,0.74,302,3.65,0.66,295,0.30,333
2024-02-04T12:00,0.78,304,3.70,0.74,300,0.28,331
2024-02-04T13:00,0.84,306,3.75,0.80,305,0.24,328
2024-02-04T14:00,0.82,309,3.80,0.76,308,0.30,324
2024-02-04T15:00,0.80,311,3.80,0.70,310,0.38,320
2024-02-04T16:00,0.78,314,3.85,0.66,313,0.44,316
2024-02-04T17:00,0.78,315,3.95,0.54,310,0.54,317
2024-02-04T18:00,0.80,317,4.15,0.44,307,0.64,319
2024-02-04T19:00,0.80,318,4.25,0.32,304,0.74,320
2024-02-04T20:00,0.74,319,4.30,0.22,263,0.70,321
2024-02-04T21:00,0.68,321,4.35,0.10,221,0.66,321
2024-02-04T22:00,0.62,322,4.35,0.00,180,0.62,322
2024-02-04T23:00,0.58,323,4.35,0.00,180,0.58,323
2024-02-05T00:00,0.56,325,4.40,0.00,180,0.56,325
2024-02-05T01:00,0.52,326,4.40,0.00,180,0.52,326
2024-02-05T02:00,0.50,327,4.40,0.00,180,0.50,327
2024-02-05T03:00,0.48,329,4.35,0.00,180,0.48,329
2024-02-05T04:00,0.46,330,4.40,0.00,180,0.46,330
2024-02-05T05:00,0.48,331,4.50,0.00,180,0.48,331
2024-02-05T06:00,0.48,331,4.70,0.00,180,0.48,331
2024-02-05T07:00,0.50,332,4.80,0.00,180,0.50,332
2024-02-05T08:00,0.48,333,4.80,0.02,220,0.48,333
2024-02-05T09:00,0.46,333,4.75,0.06,259,0.46,334
2024-02-05T10:00,0.44,334,4.65,0.08,299,0.44,335
2024-02-05T11:00,0.46,332,4.40,0.16,304,0.42,336
2024-02-05T12:00,0.46,331,4.05,0.24,309,0.38,338
2024-02-05T13:00,0.48,329,3.80,0.32,314,0.36,339
2024-02-05T14:00,0.54,328,3.60,0.40,317,0.32,341
2024-02-05T15:00,0.58,327,3.50,0.50,321,0.28,343
2024-02-05T16:00,0.64,326,3.45,0.58,324,0.24,345
2024-02-05T17:00,0.66,325,3.55,0.54,317,0.32,343
2024-02-05T18:00,0.66,323,3.70,0.50,309,0.42,340
2024-02-05T19:00,0.68,322,3.80,0.46,302,0.50,338
2024-02-05T20:00,0.64,321,3.80,0.40,298,0.50,335
2024-02-05T21:00,0.62,321,3.75,0.36,294,0.50,333
2024-02-05T22:00,0.58,320,3.70,0.30,290,0.50,330
2024-02-05T23:00,0.56,320,3.70,0.28,288,0.48,329
2024-02-06T00:00,0.52,321,3.70,0.24,286,0.46,329
2024-02-06T01:00,0.50,321,3.70,0.22,284,0.44,328
2024-02-06T02:00,0.48,321,3.65,0.24,286,0.42,329
2024-02-06T03:00,0.48,320,3.55,0.24,287,0.42,330
2024-02-06T04:00,0.46,320,3.55,0.26,289,0.40,331
2024-02-06T05:00,0.48,321,3.65,0.26,289,0.42,331
2024-02-06T06:00,0.48,322,3.80,0.24,289,0.42,332
2024-02-06T07:00,0.50,323,3.90,0.24,289,0.44,332
2024-02-06T08:00,0.50,321,3.85,0.26,288,0.42,333
2024-02-06T09:00,0.48,318,3.70,0.28,286,0.40,333
2024-02-06T10:00,0.48,316,3.55,0.30,285,0.38,334
2024-02-06T11:00,0.50,315,3.45,0.36,291,0.34,337
2024-02-06T12:00,0.54,313,3.40,0.42,298,0.30,339
2024-02-06T13:00,0.56,312,3.35,0.48,304,0.26,342
2024-02-06T14:00,0.64,313,3.35,0.56,307,0.24,344
2024-02-06T15:00,0.70,315,3.45,0.66,311,0.22,346
2024-02-06T16:00,0.78,316,3.55,0.74,314,0.20,348
2024-02-06T17:00,0.86,314,3.80,0.80,311,0.28,345
2024-02-06T18:00,0.94,313,4.10,0.86,307,0.38,341
2024-02-06T19:00,1.02,311,4.30,0.92,304,0.46,338
2024-02-06T20:00,0.96,311,4.35,0.78,301,0.54,332
2024-02-06T21:00,0.92,312,4.35,0.64,299,0.62,326
2024-02-06T22:00,0.86,312,4.30,0.50,296,0.70,320
2024-02-06T23:00,0.84,311,4.25,0.56,297,0.62,324
2024-02-07T00:00,0.84,311,4.15,0.60,297,0.56,328
2024-02-07T01:00,0.82,310,4.10,0.66,298,0.48,332
2024-02-07T02:00,0.84,308,4.10,0.66,295,0.50,331
2024-02-07T03:00,0.84,307,4.10,0.68,293,0.50,331
2024-02-07T04:00,0.86,305,4.10,0.68,290,0.52,330
2024-02-07T05:00,0.78,306,4.10,0.52,278,0.56,323
2024-02-07T06:00,0.72,306,4.15,0.34,267,0.58,317
2024-02-07T07:00,0.64,307,4.15,0.18,255,0.62,310
2024-02-07T08:00,0.60,307,4.15,0.16,258,0.58,310
2024-02-07T09:00,0.58,307,4.15,0.14,262,0.56,309
2024-02-07T10:00,0.54,307,4.15,0.12,265,0.52,309
2024-02-07T11:00,0.52,307,4.10,0.14,274,0.50,309
2024-02-07T12:00,0.50,307,4.05,0.16,283,0.48,309
2024-02-07T13:00,0.48,307,3.95,0.18,292,0.46,309
2024-02-07T14:00,0.48,307,3.80,0.22,295,0.44,309
2024-02-07T15:00,0.50,307,3.65,0.26,299,0.42,309
2024-02-07T16:00,0.50,307,3.60,0.30,302,0.40,309
2024-02-07T17:00,0.52,308,3.70,0.24,305,0.44,309
2024-02-07T18:00,0.52,309,3.85,0.16,308,0.48,310
2024-02-07T19:00,0.54,310,3.95,0.10,311,0.52,310
2024-02-07T20:00,0.52,311,4.00,0.08,297,0.50,311
2024-02-07T21:00,0.48,313,4.00,0.06,284,0.48,313
2024-02-07T22:00,0.46,314,4.00,0.04,270,0.46,314
2024-02-07T23:00,0.44,315,4.00,0.06,268,0.44,315
2024-02-08T00:00,0.44,316,3.95,0.06,267,0.42,317
2024-02-08T01:00,0.42,317,3.95,0.08,265,0.40,318
2024-02-08T02:00,0.40,318,3.90,0.08,262,0.38,319
2024-02-08T03:00,0.40,319,3.85,0.06,258,0.38,319
2024-02-08T04:00,0.38,320,3.85,0.06,255,0.36,320
2024-02-08T05:00,0.40,321,4.05,0.04,230,0.38,321
2024-02-08T06:00,0.42,323,4.35,0.02,205,0.42,323
2024-02-08T07:00,0.44,324,4.55,0.00,180,0.44,324
2024-02-08T08:00,0.42,325,4.60,0.00,180,0.42,325
2024-02-08T09:00,0.42,327,4.60,0.00,180,0.42,327
2024-02-08T10:00,0.40,328,4.55,0.00,180,0.40,328
2024-02-08T11:00,0.40,329,4.55,0.02,233,0.40,329
2024-02-08T12:00,0.38,330,4.55,0.02,287,0.38,329
2024-02-08T13:00,0.38,331,4.50,0.04,340,0.38,330
2024-02-08T14:00,0.38,331,4.35,0.08,338,0.38,331
2024-02-08T15:00,0.40,332,4.20,0.10,336,0.36,331
2024-02-08T16:00,0.40,332,4.15,0.14,334,0.36,332
2024-02-08T17:00,0.42,333,4.35,0.12,333,0.40,333
2024-02-08T18:00,0.46,333,4.65,0.10,332,0.42,333
2024-02-08T19:00,0.48,334,4.90,0.08,331,0.46,334
2024-02-08T20:00,0.46,335,4.95,0.06,281,0.46,335
2024-02-08T21:00,0.46,335,4.95,0.02,230,0.44,335
2024-02-08T22:00,0.44,336,4.95,0.00,180,0.44,336
2024-02-08T23:00,0.42,336,4.95,0.00,180,0.42,336
2024-02-09T00:00,0.42,337,4.90,0.00,180,0.42,337
2024-02-09T01:00,0.40,337,4.90,0.00,180,0.40,337
2024-02-09T02:00,0.40,337,4.85,0.00,180,0.40,337
2024-02-09T03:00,0.38,338,4.85,0.00,180,0.38,338
2024-02-09T04:00,0.38,338,4.80,0.00,180,0.38,338
2024-02-09T05:00,0.36,338,4.75,0.00,180,0.36,338
2024-02-09T06:00,0.36,339,4.75,0.00,180,0.36,339
2024-02-09T07:00,0.34,339,4.70,0.00,180,0.34,339
2024-02-09T08:00,0.34,339,4.65,0.00,180,0.34,339
2024-02-09T09:00,0.32,340,4.60,0.00,180,0.32,340
2024-02-09T10:00,0.32,340,4.55,0.00,180,0.32,340
2024-02-09T11:00,0.30,340,4.55,0.02,238,0.30,340
2024-02-09T12:00,0.30,341,4.55,0.02,297,0.30,341
2024-02-09T13:00,0.28,341,4.45,0.04,355,0.28,341
2024-02-09T14:00,0.32,340,4.05,0.14,348,0.26,343
2024-02-09T15:00,0.34,339,3.55,0.22,340,0.26,344
2024-02-09T16:00,0.38,338,3.20,0.32,333,0.24,346
2024-02-09T17:00,0.38,337,3.15,0.30,331,0.26,345
2024-02-09T18:00,0.40,335,3.25,0.30,328,0.26,344
2024-02-09T19:00,0.40,334,3.35,0.28,326,0.28,343
2024-02-09T20:00,0.40,334,3.35,0.24,318,0.30,341
2024-02-09T21:00,0.38,334,3.35,0.18,311,0.34,339
2024-02-09T22:00,0.38,334,3.35,0.14,303,0.36,337
2024-02-09T23:00,0.38,333,3.35,0.14,293,0.36,337
2024-02-10T00:00,0.36,333,3.40,0.14,282,0.34,338
2024-02-10T01:00,0.36,332,3.40,0.14,272,0.34,338
2024-02-10T02:00,0.36,332,3.40,0.12,269,0.34,337
2024-02-10T03:00,0.34,331,3.40,0.12,265,0.32,336
2024-02-10T04:00,0.34,331,3.50,0.10,262,0.32,335
2024-02-10T05:00,0.38,333,3.75,0.12,272,0.36,336
2024-02-10T06:00,0.44,334,4.05,0.12,282,0.42,337
2024-02-10T07:00,0.48,336,4.25,0.14,292,0.46,338
2024-02-10T08:00,0.48,335,4.25,0.16,292,0.46,338
2024-02-10T09:00,0.48,334,4.15,0.18,291,0.44,339
2024-02-10T10:00,0.48,333,4.05,0.20,291,0.44,339
2024-02-10T11:00,0.50,331,3.95,0.26,295,0.42,341
2024-02-10T12:00,0.50,330,3.85,0.30,299,0.42,343
2024-02-10T13:00,0.52,328,3.75,0.36,303,0.40,345
2024-02-10T14:00,0.58,326,3.65,0.42,304,0.40,346
2024-02-10T15:00,0.62,323,3.60,0.50,306,0.38,347
2024-02-10T16:00,0.68,321,3.60,0.56,307,0.38,348
2024-02-10T17:00,0.70,322,3.70,0.54,307,0.42,345
2024-02-10T18:00,0.72,323,3.85,0.54,306,0.48,343
2024-02-10T19:00,0.74,324,4.00,0.52,306,0.52,340
2024-02-10T20:00,0.72,324,4.10,0.44,301,0.56,337
2024-02-10T21:00,0.70,325,4.10,0.38,296,0.58,335
2024-02-10T22:00,0.68,325,4.15,0.30,291,0.62,332
2024-02-10T23:00,0.66,325,4.15,0.30,287,0.60,333
2024-02-11T00:00,0.66,324,4.15,0.30,284,0.58,333
2024-02-11T01:00,0.64,324,4.10,0.30,280,0.56,334
2024-02-11T02:00,0.64,323,4.00,0.30,278,0.54,334
2024-02-11T03:00,0.62,321,3.90,0.32,275,0.54,335
2024-02-11T04:00,0.62,320,4.00,0.32,273,0.52,335
2024-02-11T05:00,0.74,323,4.55,0.28,274,0.68,334
2024-02-11T06:00,0.88,327,5.35,0.24,274,0.82,333
2024-02-11T07:00,1.00,330,5.85,0.20,275,0.98,332
2024-02-11T08:00,0.96,330,5.90,0.26,279,0.92,334
2024-02-11T09:00,0.92,330,5.65,0.32,283,0.86,336
2024-02-11T10:00,0.88,330,5.40,0.38,287,0.80,338
2024-02-11T11:00,0.90,327,5.15,0.50,293,0.72,342
2024-02-11T12:00,0.90,324,4.85,0.60,298,0.64,345
2024-02-11T13:00,0.92,321,4.60,0.72,304,0.56,349
2024-02-11T14:00,0.98,319,4.50,0.80,304,0.54,350
2024-02-11T15:00,1.02,316,4.40,0.88,304,0.52,351
2024-02-11T16:00,1.08,314,4.40,0.96,304,0.50,352
2024-02-11T17:00,1.02,316,4.40,0.84,304,0.56,345
2024-02-11T18:00,0.98,317,4.45,0.74,305,0.60,339
2024-02-11T19:00,0.92,319,4.50,0.62,305,0.66,332
2024-02-11T20:00,0.88,320,4.55,0.52,303,0.68,330
2024-02-11T21:00,0.82,321,4.60,0.40,302,0.70,328
2024-02-11T22:00,0.78,322,4.60,0.30,300,0.72,326
2024-02-11T23:00,0.76,322,4.55,0.34,301,0.68,328
2024-02-12T00:00,0.76,323,4.50,0.40,302,0.62,331
2024-02-12T01:00,0.74,323,4.45,0.44,303,0.58,333
2024-02-12T02:00,0.76,320,4.35,0.48,297,0.58,334
2024-02-12T03:00,0.78,317,4.20,0.52,291,0.58,336
2024-02-12T04:00,0.80,314,4.15,0.56,285,0.58,337
2024-02-12T05:00,0.76,316,4.20,0.48,283,0.58,336
2024-02-12T06:00,0.70,319,4.35,0.42,282,0.56,335
2024-02-12T07:00,0.66,321,4.40,0.34,280,0.56,334
2024-02-12T08:00,0.68,319,4.30,0.42,284,0.54,337
2024-02-12T09:00,0.72,316,4.15,0.48,289,0.50,340
2024-02-12T10:00,0.74,314,4.05,0.56,293,0.48,343
2024-02-12T11:00,0.78,314,4.05,0.62,295,0.48,344
2024-02-12T12:00,0.80,313,4.05,0.66,298,0.46,344
2024-02-12T13:00,0.84,313,4.10,0.72,300,0.46,345
2024-02-12T14:00,0.90,313,4.10,0.78,302,0.44,346
2024-02-12T15:00,0.94,313,4.15,0.86,305,0.42,347
2024-02-12T16:00,1.00,313,4.20,0.92,307,0.40,348
2024-02-12T17:00,0.96,315,4.30,0.80,306,0.48,342
2024-02-12T18:00,0.90,317,4.35,0.68,305,0.58,336
2024-02-12T19:00,0.86,319,4.45,0.56,304,0.66,330
2024-02-12T20:00,0.82,320,4.50,0.46,302,0.66,329
2024-02-12T21:00,0.78,321,4.55,0.38,299,0.68,327
2024-02-12T22:00,0.74,322,4.60,0.28,297,0.68,326
2024-02-12T23:00,0.72,323,4.65,0.26,291,0.66,327
2024-02-13T00:00,0.70,324,4.70,0.22,285,0.66,327
2024-02-13T01:00,0.68,325,4.75,0.20,279,0.64,328
2024-02-13T02:00,0.66,325,4.75,0.20,272,0.64,329
2024-02-13T03:00,0.66,325,4.70,0.20,265,0.62,329
2024-02-13T04:00,0.64,325,4.70,0.20,258,0.62,330
2024-02-13T05:00,0.64,325,4.70,0.20,263,0.60,330
2024-02-13T06:00,0.62,326,4.75,0.22,267,0.60,331
2024-02-13T07:00,0.62,326,4.75,0.22,272,0.58,331
2024-02-13T08:00,0.62,325,4.70,0.24,274,0.58,331
2024-02-13T09:00,0.62,325,4.65,0.24,275,0.56,332
2024-02-13T10:00,0.62,324,4.60,0.26,277,0.56,332
2024-02-13T11:00,0.62,323,4.50,0.32,284,0.54,334
2024-02-13T12:00,0.64,322,4.40,0.36,291,0.50,336
2024-02-13T13:00,0.64,321,4.30,0.42,298,0.48,338
2024-02-13T14:00,0.66,320,4.20,0.46,299,0.48,338
2024-02-13T15:00,0.68,319,4.10,0.48,301,0.48,339
2024-02-13T16:00,0.70,318,4.05,0.52,302,0.48,339
2024-02-13T17:00,0.68,320,4.05,0.46,304,0.50,336
2024-02-13T18:00,0.64,321,4.15,0.40,305,0.50,333
2024-02-13T19:00,0.62,323,4.20,0.34,307,0.52,330
2024-02-13T20:00,0.60,324,4.30,0.28,306,0.52,330
2024-02-13T21:00,0.56,326,4.35,0.20,305,0.52,329
2024-02-13T22:00,0.54,327,4.45,0.14,304,0.52,329
2024-02-13T23:00,0.52,328,4.50,0.14,299,0.50,330
2024-02-14T00:00,0.52,329,4.55,0.14,294,0.50,332
2024-02-14T01:00,0.50,330,4.55,0.14,289,0.48,333
2024-02-14T02:00,0.50,330,4.50,0.14,281,0.48,333
2024-02-14T03:00,0.48,330,4.40,0.14,273,0.46,334
2024-02-14T04:00,0.48,330,4.55,0.14,265,0.46,334
2024-02-14T05:00,0.54,334,5.15,0.10,237,0.52,336
2024-02-14T06:00,0.60,337,6.00,0.04,208,0.60,339
2024-02-14T07:00,0.66,341,6.60,0.00,180,0.66,341
2024-02-14T08:00,0.66,342,6.80,0.00,209,0.66,342
2024-02-14T09:00,0.68,342,6.75,0.02,237,0.68,342
2024-02-14T10:00,0.68,343,6.65,0.02,266,0.68,343
2024-02-14T11:00,0.68,342,6.60,0.04,276,0.68,343
2024-02-14T12:00,0.66,342,6.55,0.06,287,0.66,342
2024-02-14T13:00,0.66,341,6.40,0.08,297,0.66,342
2024-02-14T14:00,0.66,339,6.15,0.14,298,0.64,342
2024-02-14T15:00,0.66,337,5.90,0.20,300,0.62,341
2024-02-14T16:00,0.66,335,5.60,0.26,301,0.60,341
2024-02-14T17:00,0.62,335,5.35,0.22,300,0.56,339
2024-02-14T18:00,0.56,334,5.10,0.16,298,0.54,337
2024-02-14T19:00,0.52,334,4.90,0.12,297,0.50,335
2024-02-14T20:00,0.50,334,4.85,0.10,289,0.50,335
2024-02-14T21:00,0.50,334,4.85,0.08,282,0.48,334
2024-02-14T22:00,0.48,334,4.90,0.06,274,0.48,334
2024-02-14T23:00,0.46,334,4.90,0.06,265,0.46,334
2024-02-15T00:00,0.46,334,4.90,0.06,257,0.46,335
2024-02-15T01:00,0.44,334,4.90,0.06,248,0.44,335
2024-02-15T02:00,0.42,335,4.90,0.06,242,0.42,335
2024-02-15T03:00,0.42,335,4.95,0.04,237,0.42,336
2024-02-15T04:00,0.40,336,5.00,0.04,231,0.40,336
2024-02-15T05:00,0.42,337,5.15,0.02,214,0.42,337
2024-02-15T06:00,0.42,338,5.40,0.02,197,0.42,338
2024-02-15T07:00,0.44,339,5.55,0.00,180,0.44,339
2024-02-15T08:00,0.44,339,5.60,0.00,180,0.44,339
2024-02-15T09:00,0.42,339,5.55,0.00,180,0.42,339
2024-02-15T10:00,0.42,339,5.50,0.00,180,0.42,339
2024-02-15T11:00,0.40,339,5.45,0.00,180,0.40,339
2024-02-15T12:00,0.40,340,5.45,0.00,180,0.40,340
2024-02-15T13:00,0.38,340,5.40,0.00,180,0.38,340
2024-02-15T14:00,0.36,340,5.35,0.00,180,0.36,340
2024-02-15T15:00,0.36,341,5.30,0.00,180,0.36,341
2024-02-15T16:00,0.34,341,5.30,0.00,180,0.34,341
2024-02-15T17:00,0.36,340,5.35,0.02,218,0.36,341
2024-02-15T18:00,0.38,340,5.40,0.04,256,0.38,340
2024-02-15T19:00,0.40,339,5.45,0.06,294,0.40,340
2024-02-15T20:00,0.38,339,5.45,0.04,256,0.38,340
2024-02-15T21:00,0.38,340,5.40,0.02,218,0.38,340
2024-02-15T22:00,0.36,340,5.35,0.00,180,0.36,340
2024-02-15T23:00,0.34,341,5.30,0.00,180,0.34,341
2024-02-16T00:00,0.34,341,5.30,0.00,180,0.34,341
2024-02-16T01:00,0.32,342,5.25,0.00,180,0.32,342
2024-02-16T02:00,0.32,342,5.15,0.00,180,0.32,342
2024-02-16T03:00,0.30,343,5.05,0.00,180,0.30,343
2024-02-16T04:00,0.30,343,5.15,0.00,180,0.30,343
2024-02-16T05:00,0.36,343,5.60,0.00,180,0.36,343
2024-02-16T06:00,0.42,344,6.25,0.00,180,0.42,344
2024-02-16T07:00,0.48,344,6.65,0.00,180,0.48,344
2024-02-16T08:00,0.46,344,6.65,0.00,180,0.46,344
2024-02-16T09:00,0.46,344,6.50,0.00,180,0.46,344
2024-02-16T10:00,0.44,344,6.30,0.00,180,0.44,344
2024-02-16T11:00,0.42,344,6.20,0.02,230,0.42,344
2024-02-16T12:00,0.40,343,6.10,0.04,281,0.40,343
2024-02-16T13:00,0.38,343,5.85,0.06,331,0.38,343
2024-02-16T14:00,0.40,340,5.35,0.14,327,0.36,344
2024-02-16T15:00,0.42,337,4.70,0.22,324,0.34,344
2024-02-16T16:00,0.44,334,4.15,0.30,320,0.32,345
2024-02-16T17:00,0.46,330,3.85,0.32,315,0.32,346
2024-02-16T18:00,0.46,327,3.70,0.34,309,0.32,347
2024-02-16T19:00,0.48,323,3.60,0.36,304,0.32,348
2024-02-16T20:00,0.46,322,3.55,0.32,298,0.34,344
2024-02-16T21:00,0.46,321,3.55,0.30,293,0.34,340
2024-02-16T22:00,0.44,320,3.55,0.26,287,0.36,336
2024-02-16T23:00,0.42,320,3.55,0.24,283,0.36,334
2024-02-17T00:00,0.42,319,3.55,0.22,278,0.36,332
2024-02-17T01:00,0.40,319,3.55,0.20,274,0.36,330
2024-02-17T02:00,0.40,318,3.50,0.20,272,0.34,331
2024-02-17T03:00,0.38,318,3.45,0.20,271,0.34,331
2024-02-17T04:00,0.38,317,3.45,0.20,269,0.32,332
2024-02-17T05:00,0.38,318,3.60,0.18,270,0.34,330
2024-02-17T06:00,0.40,320,3.85,0.14,272,0.36,328
2024-02-17T07:00,0.40,321,4.05,0.12,273,0.38,326
2024-02-17T08:00,0.40,323,4.10,0.12,279,0.38,327
2024-02-17T09:00,0.38,325,4.05,0.10,285,0.36,328
2024-02-17T10:00,0.38,327,4.00,0.10,291,0.36,329
2024-02-17T11:00,0.38,327,3.90,0.14,298,0.34,332
2024-02-17T12:00,0.40,328,3.75,0.20,304,0.32,336
2024-02-17T13:00,0.40,328,3.65,0.24,311,0.30,339
2024-02-17T14:00,0.44,326,3.50,0.30,310,0.30,343
2024-02-17T15:00,0.48,323,3.40,0.38,310,0.28,348
2024-02-17T16:00,0.52,321,3.35,0.44,309,0.28,352
2024-02-17T17:00,0.56,320,3.40,0.46,307,0.32,350
2024-02-17T18:00,0.60,319,3.55,0.50,304,0.36,349
2024-02-17T19:00,0.64,318,3.70,0.52,302,0.40,347
2024-02-17T20:00,0.60,320,3.80,0.42,295,0.44,341
2024-02-17T21:00,0.58,321,3.85,0.30,289,0.46,334
2024-02-17T22:00,0.54,323,3.95,0.20,282,0.50,328
2024-02-17T23:00,0.52,325,4.05,0.16,277,0.48,329
2024-02-18T00:00,0.50,327,4.10,0.14,273,0.48,330
2024-02-18T01:00,0.48,329,4.20,0.10,268,0.46,331
2024-02-18T02:00,0.46,330,4.25,0.10,266,0.46,332
2024-02-18T03:00,0.46,332,4.25,0.08,263,0.44,333
2024-02-18T04:00,0.44,333,4.35,0.08,261,0.44,334
2024-02-18T05:00,0.46,337,4.55,0.06,234,0.46,337
2024-02-18T06:00,0.46,340,4.85,0.02,207,0.46,341
2024-02-18T07:00,0.48,344,5.05,0.00,180,0.48,344
2024-02-18T08:00,0.46,345,5.15,0.00,180,0.46,345
2024-02-18T09:00,0.46,346,5.15,0.00,180,0.46,346
2024-02-18T10:00,0.44,347,5.15,0.00,180,0.44,347
2024-02-18T11:00,0.44,348,5.15,0.00,230,0.44,348
2024-02-18T12:00,0.42,348,5.15,0.02,280,0.42,348
2024-02-18T13:00,0.42,349,5.10,0.02,330,0.42,349
2024-02-18T14:00,0.42,349,4.95,0.08,334,0.40,349
2024-02-18T15:00,0.42,349,4.70,0.12,339,0.40,350
2024-02-18T16:00,0.42,349,4.60,0.18,343,0.38,350
2024-02-18T17:00,0.46,348,4.70,0.16,331,0.42,348
2024-02-18T18:00,0.50,346,4.95,0.12,318,0.48,347
2024-02-18T19:00,0.54,345,5.10,0.10,306,0.52,345
2024-02-18T20:00,0.52,345,5.15,0.06,264,0.52,345
2024-02-18T21:00,0.52,346,5.15,0.04,222,0.50,346
2024-02-18T22:00,0.50,346,5.15,0.00,180,0.50,346
2024-02-18T23:00,0.48,346,5.15,0.00,180,0.48,346
2024-02-19T00:00,0.48,347,5.10,0.00,180,0.48,347
2024-02-19T01:00,0.46,347,5.10,0.00,180,0.46,347
2024-02-19T02:00,0.44,347,5.10,0.00,180,0.44,347
2024-02-19T03:00,0.44,348,5.05,0.00,180,0.44,348
2024-02-19T04:00,0.42,348,5.05,0.00,180,0.42,348
2024-02-19T05:00,0.42,348,5.05,0.00,180,0.42,348
2024-02-19T06:00,0.40,349,5.00,0.00,180,0.40,349
2024-02-19T07:00,0.40,349,5.00,0.00,180,0.40,349
2024-02-19T08:00,0.38,349,4.95,0.00,180,0.38,349
2024-02-19T09:00,0.38,350,4.95,0.00,180,0.38,350
2024-02-19T10:00,0.36,350,4.90,0.00,180,0.36,350
2024-02-19T11:00,0.36,350,4.90,0.00,180,0.36,350
2024-02-19T12:00,0.34,350,4.90,0.00,180,0.34,350
2024-02-19T13:00,0.34,350,4.85,0.00,180,0.34,350
2024-02-19T14:00,0.34,350,4.75,0.02,121,0.34,350
2024-02-19T15:00,0.34,351,4.65,0.06,61,0.32,351
2024-02-19T16:00,0.34,351,4.60,0.08,2,0.32,351
2024-02-19T17:00,0.36,350,4.65,0.08,115,0.34,350
2024-02-19T18:00,0.36,350,4.75,0.08,229,0.36,350
2024-02-19T19:00,0.38,349,4.80,0.08,342,0.38,349
2024-02-19T20:00,0.38,349,4.80,0.08,333,0.36,349
2024-02-19T21:00,0.36,348,4.70,0.08,323,0.36,348
2024-02-19T22:00,0.36,348,4.65,0.08,314,0.34,348
2024-02-19T23:00,0.36,347,4.60,0.08,305,0.34,348
2024-02-20T00:00,0.34,347,4.50,0.08,297,0.32,347
2024-02-20T01:00,0.34,346,4.45,0.08,288,0.32,347
2024-02-20T02:00,0.34,346,4.35,0.06,277,0.32,346
2024-02-20T03:00,0.32,345,4.25,0.06,265,0.30,346
2024-02-20T04:00,0.32,345,4.35,0.04,254,0.30,345
2024-02-20T05:00,0.38,346,4.80,0.02,229,0.36,346
2024-02-20T06:00,0.42,347,5.45,0.02,205,0.42,347
2024-02-20T07:00,0.48,348,5.90,0.00,180,0.48,348
2024-02-20T08:00,0.48,348,5.95,0.00,180,0.48,348
2024-02-20T09:00,0.46,347,5.85,0.00,180,0.46,347
2024-02-20T10:00,0.46,347,5.70,0.00,180,0.46,347
2024-02-20T11:00,0.44,347,5.65,0.00,180,0.44,347
2024-02-20T12:00,0.44,347,5.55,0.00,180,0.44,347
2024-02-20T13:00,0.42,347,5.45,0.00,180,0.42,347
2024-02-20T14:00,0.42,346,5.25,0.06,232,0.40,347
2024-02-20T15:00,0.42,346,4.95,0.12,283,0.40,347
2024-02-20T16:00,0.42,345,4.70,0.18,335,0.38,347
2024-02-20T17:00,0.42,343,4.45,0.20,328,0.38,347
2024-02-20T18:00,0.42,342,4.25,0.20,322,0.38,347
2024-02-20T19:00,0.42,340,4.10,0.22,315,0.38,347
2024-02-20T20:00,0.40,340,4.05,0.18,305,0.38,345
2024-02-20T21:00,0.40,339,4.00,0.14,296,0.38,343
2024-02-20T22:00,0.38,339,4.00,0.10,286,0.38,341
2024-02-20T23:00,0.36,339,4.00,0.10,278,0.36,341
2024-02-21T00:00,0.36,339,4.00,0.08,270,0.36,341
2024-02-21T01:00,0.34,339,4.00,0.08,262,0.34,341
2024-02-21T02:00,0.34,339,3.95,0.08,256,0.34,341
2024-02-21T03:00,0.32,338,3.85,0.08,251,0.32,341
2024-02-21T04:00,0.32,338,3.85,0.08,245,0.32,341
2024-02-21T05:00,0.32,339,3.95,0.06,223,0.32,341
2024-02-21T06:00,0.32,340,4.05,0.02,202,0.32,341
2024-02-21T07:00,0.32,341,4.15,0.00,180,0.32,341
2024-02-21T08:00,0.30,341,4.15,0.00,180,0.30,341
2024-02-21T09:00,0.30,341,4.15,0.00,180,0.30,341
2024-02-21T10:00,0.28,341,4.10,0.00,180,0.28,341
2024-02-21T11:00,0.28,341,4.05,0.04,227,0.28,342
2024-02-21T12:00,0.28,341,4.00,0.08,275,0.26,342
2024-02-21T13:00,0.28,341,3.85,0.12,322,0.26,343
2024-02-21T14:00,0.32,337,3.60,0.18,320,0.24,346
2024-02-21T15:00,0.34,333,3.30,0.26,319,0.24,348
2024-02-21T16:00,0.38,329,3.05,0.32,317,0.22,351
2024-02-21T17:00,0.40,327,3.00,0.34,315,0.24,351
2024-02-21T18:00,0.44,325,3.00,0.36,312,0.24,350
2024-02-21T19:00,0.46,323,3.05,0.38,310,0.26,350
2024-02-21T20:00,0.44,323,3.10,0.30,299,0.30,343
2024-02-21T21:00,0.42,324,3.15,0.22,289,0.32,337
2024-02-21T22:00,0.40,324,3.20,0.14,278,0.36,330
2024-02-21T23:00,0.38,325,3.20,0.14,271,0.34,330
2024-02-22T00:00,0.36,325,3.25,0.12,263,0.34,331
2024-02-22T01:00,0.34,326,3.25,0.12,256,0.32,331
2024-02-22T02:00,0.32,327,3.30,0.10,254,0.32,331
2024-02-22T03:00,0.32,328,3.30,0.08,253,0.30,330
2024-02-22T04:00,0.30,329,3.35,0.06,251,0.30,330
2024-02-22T05:00,0.30,331,3.40,0.04,227,0.30,332
2024-02-22T06:00,0.28,333,3.50,0.02,204,0.28,333
2024-02-22T07:00,0.28,335,3.55,0.00,180,0.28,335
2024-02-22T08:00,0.28,336,3.55,0.02,214,0.28,336
2024-02-22T09:00,0.26,336,3.55,0.04,247,0.26,336
2024-02-22T10:00,0.26,337,3.55,0.06,281,0.26,337
2024-02-22T11:00,0.26,336,3.50,0.08,290,0.26,337
2024-02-22T12:00,0.26,334,3.45,0.10,298,0.24,337
2024-02-22T13:00,0.26,333,3.35,0.12,307,0.24,337
2024-02-22T14:00,0.28,332,3.20,0.16,314,0.24,334
2024-02-22T15:00,0.30,330,3.05,0.20,321,0.22,332
2024-02-22T16:00,0.32,329,3.00,0.24,328,0.22,329
2024-02-22T17:00,0.42,328,3.20,0.32,328,0.28,328
2024-02-22T18:00,0.52,328,3.45,0.40,327,0.34,328
2024-02-22T19:00,0.62,327,3.70,0.48,327,0.40,327
2024-02-22T20:00,0.60,326,3.80,0.38,317,0.46,327
2024-02-22T21:00,0.60,326,3.80,0.28,306,0.50,327
2024-02-22T22:00,0.58,325,3.85,0.18,296,0.56,327
2024-02-22T23:00,0.56,325,3.90,0.14,292,0.54,326
2024-02-23T00:00,0.54,324,3.95,0.12,289,0.54,326
2024-02-23T01:00,0.52,324,4.00,0.08,285,0.52,325
2024-02-23T02:00,0.50,324,4.00,0.08,286,0.50,325
2024-02-23T03:00,0.48,324,4.05,0.10,287,0.48,325
2024-02-23T04:00,0.46,324,4.00,0.10,288,0.46,325
2024-02-23T05:00,0.46,324,3.90,0.12,287,0.44,326
2024-02-23T06:00,0.46,323,3.80,0.16,286,0.44,326
2024-02-23T07:00,0.46,323,3.70,0.18,285,0.42,327
2024-02-23T08:00,0.46,323,3.65,0.20,291,0.42,327
2024-02-23T09:00,0.46,322,3.60,0.20,297,0.40,328
2024-02-23T10:00,0.46,322,3.55,0.22,303,0.40,328
2024-02-23T11:00,0.48,322,3.50,0.24,307,0.40,328
2024-02-23T12:00,0.48,323,3.50,0.26,310,0.42,328
2024-02-23T13:00,0.50,323,3.50,0.28,314,0.42,328
2024-02-23T14:00,0.50,324,3.50,0.30,317,0.42,328
2024-02-23T15:00,0.52,326,3.50,0.32,321,0.42,328
2024-02-23T16:00,0.52,327,3.50,0.34,324,0.42,328
2024-02-23T17:00,0.52,329,3.55,0.30,327,0.44,329
2024-02-23T18:00,0.50,330,3.65,0.24,329,0.44,331
2024-02-23T19:00,0.50,332,3.75,0.20,332,0.46,332
2024-02-23T20:00,0.50,333,3.80,0.18,325,0.46,333
2024-02-23T21:00,0.50,333,3.85,0.14,317,0.48,335
2024-02-23T22:00,0.50,334,3.85,0.12,310,0.48,336
2024-02-23T23:00,0.50,334,3.90,0.12,302,0.48,336
2024-02-24T00:00,0.50,335,3.90,0.12,293,0.48,337
2024-02-24T01:00,0.50,335,3.90,0.12,285,0.48,337
2024-02-24T02:00,0.50,335,3.85,0.14,289,0.48,338
2024-02-24T03:00,0.50,334,3.75,0.18,293,0.46,339
2024-02-24T04:00,0.50,334,3.75,0.20,297,0.46,340
2024-02-24T05:00,0.52,334,3.85,0.18,295,0.48,339
2024-02-24T06:00,0.54,335,4.00,0.16,293,0.50,339
2024-02-24T07:00,0.56,335,4.10,0.14,291,0.52,338
2024-02-24T08:00,0.56,335,4.10,0.18,295,0.52,339
2024-02-24T09:00,0.58,334,4.05,0.22,298,0.52,341
2024-02-24T10:00,0.58,334,4.00,0.26,302,0.52,342
2024-02-24T11:00,0.60,332,3.90,0.34,304,0.48,346
2024-02-24T12:00,0.64,330,3.80,0.42,307,0.46,349
2024-02-24T13:00,0.66,328,3.75,0.50,309,0.42,353
2024-02-24T14:00,0.68,328,3.75,0.52,312,0.42,351
2024-02-24T15:00,0.70,328,3.75,0.56,315,0.42,350
2024-02-24T16:00,0.72,328,3.80,0.58,318,0.42,348
2024-02-24T17:00,0.72,329,3.95,0.50,317,0.50,343
2024-02-24T18:00,0.74,329,4.10,0.42,316,0.58,339
2024-02-24T19:00,0.74,330,4.25,0.34,315,0.66,334
2024-02-24T20:00,0.72,331,4.35,0.28,310,0.66,335
2024-02-24T21:00,0.68,333,4.35,0.24,306,0.64,335
2024-02-24T22:00,0.66,334,4.40,0.18,301,0.64,336
2024-02-24T23:00,0.64,334,4.40,0.18,297,0.62,337
2024-02-25T00:00,0.64,335,4.40,0.20,293,0.60,338
2024-02-25T01:00,0.62,335,4.40,0.20,289,0.58,339
2024-02-25T02:00,0.60,335,4.35,0.18,289,0.58,339
2024-02-25T03:00,0.60,335,4.35,0.18,289,0.56,338
2024-02-25T04:00,0.58,335,4.30,0.16,289,0.56,338
2024-02-25T05:00,0.58,334,4.25,0.18,290,0.54,338
2024-02-25T06:00,0.56,334,4.25,0.22,291,0.54,339
2024-02-25T07:00,0.56,333,4.20,0.24,292,0.52,339
2024-02-25T08:00,0.56,333,4.15,0.24,294,0.52,339
2024-02-25T09:00,0.54,332,4.10,0.24,297,0.50,339
2024-02-25T10:00,0.54,332,4.05,0.24,299,0.50,339
2024-02-25T11:00,0.56,330,3.95,0.32,303,0.46,342
2024-02-25T12:00,0.58,329,3.80,0.38,308,0.44,345
2024-02-25T13:00,0.60,327,3.70,0.46,312,0.40,348
2024-02-25T14:00,0.62,325,3.65,0.48,308,0.40,348
2024-02-25T15:00,0.66,322,3.65,0.50,305,0.42,348
2024-02-25T16:00,0.68,320,3.65,0.52,301,0.42,348
2024-02-25T17:00,0.72,319,3.75,0.56,302,0.44,347
2024-02-25T18:00,0.78,318,3.85,0.62,304,0.44,347
2024-02-25T19:00,0.82,317,3.95,0.66,305,0.46,346
2024-02-25T20:00,0.78,317,4.00,0.58,301,0.50,341
2024-02-25T21:00,0.76,318,4.00,0.52,297,0.54,337
2024-02-25T22:00,0.72,318,4.00,0.44,293,0.58,332
2024-02-25T23:00,0.70,318,4.00,0.42,290,0.56,333
2024-02-26T00:00,0.68,317,3.95,0.42,287,0.54,333
2024-02-26T01:00,0.66,317,3.95,0.40,284,0.52,334
2024-02-26T02:00,0.64,317,3.90,0.38,283,0.52,333
2024-02-26T03:00,0.64,316,3.90,0.38,283,0.50,333
2024-02-26T04:00,0.62,316,3.90,0.36,282,0.50,332
2024-02-26T05:00,0.58,321,4.00,0.28,285,0.50,332
2024-02-26T06:00,0.56,325,4.15,0.20,287,0.50,331
2024-02-26T07:00,0.52,330,4.25,0.12,290,0.50,331
2024-02-26T08:00,0.50,331,4.30,0.08,253,0.48,332
2024-02-26T09:00,0.48,333,4.35,0.04,217,0.48,333
2024-02-26T10:00,0.46,334,4.35,0.00,180,0.46,334
2024-02-26T11:00,0.44,335,4.35,0.02,229,0.44,335
2024-02-26T12:00,0.44,336,4.35,0.02,277,0.44,336
2024-02-26T13:00,0.42,337,4.30,0.04,326,0.42,337
2024-02-26T14:00,0.42,338,4.30,0.06,329,0.40,338
2024-02-26T15:00,0.40,338,4.25,0.08,332,0.40,338
2024-02-26T16:00,0.40,339,4.15,0.10,335,0.38,339
2024-02-26T17:00,0.38,336,3.95,0.10,327,0.36,337
2024-02-26T18:00,0.36,334,3.70,0.12,318,0.34,335
2024-02-26T19:00,0.34,331,3.50,0.12,310,0.32,333
2024-02-26T20:00,0.34,331,3.45,0.12,299,0.32,333
2024-02-26T21:00,0.32,331,3.45,0.10,288,0.32,333
2024-02-26T22:00,0.32,331,3.45,0.10,277,0.32,333
2024-02-26T23:00,0.32,332,3.45,0.08,268,0.32,333
2024-02-27T00:00,0.30,332,3.50,0.08,260,0.30,333
2024-02-27T01:00,0.30,333,3.50,0.06,251,0.30,333
2024-02-27T02:00,0.30,334,3.50,0.04,227,0.30,334
2024-02-27T03:00,0.28,335,3.55,0.02,204,0.28,335
2024-02-27T04:00,0.28,336,3.55,0.00,180,0.28,336
2024-02-27T05:00,0.28,337,3.55,0.00,180,0.28,337
2024-02-27T06:00,0.26,338,3.55,0.00,180,0.26,338
2024-02-27T07:00,0.26,339,3.55,0.00,180,0.26,339
2024-02-27T08:00,0.26,339,3.55,0.00,180,0.26,339
2024-02-27T09:00,0.24,340,3.55,0.00,180,0.24,340
2024-02-27T10:00,0.24,340,3.55,0.00,180,0.24,340
2024-02-27T11:00,0.24,341,3.60,0.02,226,0.24,341
2024-02-27T12:00,0.24,341,3.65,0.02,273,0.24,341
2024-02-27T13:00,0.24,342,3.60,0.04,319,0.24,342
2024-02-27T14:00,0.28,340,3.35,0.12,323,0.24,342
2024-02-27T15:00,0.30,339,3.05,0.18,328,0.22,343
2024-02-27T16:00,0.34,337,2.90,0.26,332,0.22,343
2024-02-27T17:00,0.36,335,3.00,0.26,324,0.26,343
2024-02-27T18:00,0.40,334,3.25,0.26,317,0.30,343
2024-02-27T19:00,0.42,332,3.50,0.26,309,0.34,343
2024-02-27T20:00,0.42,333,3.65,0.22,298,0.36,341
2024-02-27T21:00,0.40,333,3.75,0.16,288,0.38,339
2024-02-27T22:00,0.40,334,3.85,0.12,277,0.40,337
2024-02-27T23:00,0.40,336,4.00,0.10,272,0.40,338
2024-02-28T00:00,0.38,337,4.15,0.08,267,0.38,339
2024-02-28T01:00,0.38,339,4.25,0.06,262,0.38,340
2024-02-28T02:00,0.38,340,4.30,0.08,268,0.38,342
2024-02-28T03:00,0.38,340,4.35,0.10,274,0.36,343
2024-02-28T04:00,0.38,341,4.40,0.12,280,0.36,345
2024-02-28T05:00,0.40,342,4.55,0.12,285,0.38,346
2024-02-28T06:00,0.40,344,4.65,0.14,289,0.38,348
2024-02-28T07:00,0.42,345,4.75,0.14,294,0.40,349
2024-02-28T08:00,0.44,343,4.70,0.16,295,0.40,349
2024-02-28T09:00,0.44,342,4.60,0.20,297,0.40,350
2024-02-28T10:00,0.46,340,4.45,0.22,298,0.40,350
2024-02-28T11:00,0.48,338,4.35,0.26,298,0.40,350
2024-02-28T12:00,0.50,335,4.20,0.28,299,0.42,349
2024-02-28T13:00,0.52,333,4.10,0.32,299,0.42,349
2024-02-28T14:00,0.54,330,4.00,0.36,300,0.42,350
2024-02-28T15:00,0.58,328,3.90,0.40,300,0.42,351
2024-02-28T16:00,0.60,325,3.85,0.44,301,0.42,352
2024-02-28T17:00,0.60,324,3.90,0.44,299,0.42,350
2024-02-28T18:00,0.62,324,3.95,0.42,298,0.44,349
2024-02-28T19:00,0.62,323,4.05,0.42,296,0.44,347
2024-02-28T20:00,0.62,323,4.10,0.40,291,0.46,345
2024-02-28T21:00,0.60,323,4.10,0.38,285,0.48,344
2024-02-28T22:00,0.60,323,4.15,0.36,280,0.50,342
2024-02-28T23:00,0.60,323,4.20,0.34,277,0.50,341
2024-02-29T00:00,0.58,323,4.25,0.32,275,0.50,339
2024-02-29T01:00,0.58,323,4.30,0.30,272,0.50,338
2024-02-29T02:00,0.58,324,4.30,0.30,270,0.50,338
2024-02-29T03:00,0.56,324,4.35,0.28,268,0.50,339
2024-02-29T04:00,0.56,325,4.45,0.28,266,0.50,339
2024-02-29T05:00,0.54,330,4.75,0.22,262,0.50,340
2024-02-29T06:00,0.54,336,5.10,0.14,258,0.52,340
2024-02-29T07:00,0.52,341,5.35,0.08,254,0.52,341
2024-02-29T08:00,0.52,340,5.35,0.12,265,0.50,342
2024-02-29T09:00,0.52,339,5.20,0.16,275,0.50,344
2024-02-29T10:00,0.52,338,5.05,0.20,286,0.48,345
2024-02-29T11:00,0.54,337,4.90,0.24,295,0.48,345
2024-02-29T12:00,0.54,335,4.70,0.30,303,0.46,345
2024-02-29T13:00,0.56,334,4.50,0.34,312,0.46,345
2024-02-29T14:00,0.58,333,4.30,0.38,313,0.44,346
2024-02-29T15:00,0.62,331,4.10,0.44,314,0.44,347
2024-02-29T16:00,0.64,330,4.00,0.48,315,0.42,348
2024-02-29T17:00,0.62,330,4.00,0.44,310,0.42,347
2024-02-29T18:00,0.58,330,4.10,0.38,306,0.44,347
2024-02-29T19:00,0.56,330,4.15,0.34,301,0.44,346
2024-02-29T20:00,0.54,330,4.15,0.32,297,0.44,345
2024-02-29T21:00,0.52,329,4.15,0.28,292,0.42,344
2024-02-29T22:00,0.50,329,4.10,0.26,288,0.42,343
2024-02-29T23:00,0.50,329,4.05,0.26,288,0.42,343